date	sector	entities	sentiment	news_category	extraction_status
2025-02-27	Communications	Meta	negative	regulation	ok
2025-07-21	Consumer Non-Durables	Chinese companies	negative	markets	ok
2025-07-22	Distribution Services	Japan|Ishiba|Quantum Strategy	negative	macro	ok
2025-07-22	Consumer Non-Durables	China|U.S. entertainment industry|micro drama industry|Oliver Wyman	positive	markets	ok
2025-07-22	Consumer Non-Durables	Chinese affluent|economy	negative	macro	ok
2025-07-22	Consumer Durables	solid-state batteries|EVs	positive	products	ok
2025-07-23	Energy Minerals	Dongfang Electric|Tibet Tianlu	positive	products	ok
2025-07-24	Finance	Deutsche Bank	positive	markets	ok
2025-07-24	Consumer Durables	Tesla|Europe	negative	markets	ok
2025-07-24	Electronic Technology	Nvidia|SK Hynix	positive	markets	ok
2025-07-24	Consumer Non-Durables	South Korea	positive	macro	ok
2025-07-24	Consumer Non-Durables	China	neutral	macro	ok
2025-07-24	Commercial Services	EU|China|Xi	neutral	macro	ok
2025-07-24	Consumer Non-Durables	India|New Delhi	neutral	macro	ok
2025-07-24	Finance	Trump|Federal Reserve	neutral	macro	ok
2025-07-25	Energy Minerals	Cambodia|Sreeparna Banerjee|Observer Research Foundation	negative	macro	ok
2025-07-25	Consumer Non-Durables	Textiles|whisky|Indian Prime Minister Narendra Modi|Keir Starmer	positive	markets	ok
2025-07-25	Consumer Services	European firms|U.S. trade policies	negative	regulation	ok
2025-07-25	Producer Manufacturing	Volkswagen	negative	markets	ok
2025-07-27	Distribution Services	European Commission|Ursula von der Leyen	neutral	macro	ok
2025-07-28	Consumer Non-Durables	Huawei|Apple	positive	markets	ok
2025-07-29	Consumer Durables	Stellantis	neutral	earnings	ok
2025-07-29	Finance	Barclays	positive	earnings	ok
2025-07-29	Health Services	pharma sector	neutral	regulation	ok
2025-07-29	Electronic Technology	Europe|UBS	positive	macro	ok
2025-07-29	Electronic Technology	Samsung|Rebellions	positive	products	ok
2025-07-29	Health Services	AstraZeneca|Pascal Soriot	neutral	macro	ok
2025-07-30	Technology Services	Microsoft|Nvidia	positive	earnings	ok
2025-07-30	Technology Services	Meta|Reality Labs	negative	earnings	ok
2025-07-30	Electronic Technology	Qualcomm	positive	earnings	ok
2025-07-30	Electronic Technology	Apple	neutral	macro	ok
2025-07-31	Electronic Technology	Apple|Amazon|Meta|Nvidia	positive	macro	ok
2025-07-31	Finance	Robinhood|Coinbase	positive	earnings	ok
2025-07-31	Electronic Technology	Arm	negative	earnings	ok
2025-07-31	Electronic Technology	Meta|Microsoft	positive	earnings	ok
2025-07-31	Industrial Services	China	negative	macro	ok
2025-07-31	Finance	U.S. and South Korea	neutral	markets	ok
2025-07-31	Finance	U.S. President Donald Trump|India	negative	regulation	ok
2025-07-31	Electronic Technology	Samsung Electronics	negative	earnings	ok
2025-08-01	Electronic Technology	Google|DEI organizations	negative	regulation	ok
2025-08-01	Electronic Technology	Cryptocurrency|Bitcoin|Ether	negative	markets	ok
2025-08-01	Electronic Technology	Coinbase	positive	products	ok
2025-08-01	Finance	BlackRock|Rick Rieder	neutral	markets	ok
2025-08-01	Finance	U.S. Labor Market|Bureau of Labor Statistics	negative	macro	ok
2025-08-01	Energy Minerals	Russia|Medvedev	neutral	macro	ok
2025-08-01	Consumer Non-Durables	Tesla|Autopilot	negative	products	ok
2025-08-01	Distribution Services	U.S.|Canada|Brazil|Switzerland	negative	macro	ok
2025-08-02	Transportation	travel expert	positive	products	ok
2025-08-03	Consumer Durables	Disney|Advanced Micro Devices	positive	earnings	ok
2025-08-04	Finance	U.S. economy	negative	macro	ok
2025-08-04	Distribution Services	EU|U.S.	neutral	macro	ok
2025-08-04	Energy Minerals	Trump|India	negative	regulation	ok
2025-08-04	Transportation	Dow	positive	markets	ok
2025-08-04	Producer Manufacturing	Firefly Aerospace	positive	products	ok
2025-08-04	Electronic Technology	Figma	negative	markets	ok
2025-08-04	Retail Trade	Amazon	negative	other	ok
2025-08-04	Transportation	JFK airport	neutral	other	ok
2025-08-05	Distribution Services	Opendoor	positive	markets	ok
2025-08-05	Electronic Technology	Intel	negative	markets	ok
2025-08-05	Consumer Durables	Tesla|BYD	negative	markets	ok
2025-08-05	Electronic Technology	TSMC|Apple|Nvidia	neutral	markets	ok
2025-08-05	Producer Manufacturing	Caterpillar|Eaton	negative	products	ok
2025-08-05	Consumer Non-Durables	Yum Brands|Pizza Hut|KFC	negative	earnings	ok
2025-08-05	Health Technology	Pfizer|Palantir|Coinbase|Staar Surgical	positive	markets	ok
2025-08-05	Energy Minerals	BP|Saudi Aramco	neutral	macro	ok
2025-08-06	Electronic Technology	Apple|Cook	positive	products	ok
2025-08-07	Technology Services	CNBC|OpenAI|Firefly Aerospace|Meta|Eli Lilly|Amazon|Intel|Duolingo|SoftBank|Maersk|Toyota|Samsung|TSMC|Gregorys Coffee|Restaurant Brands International|Tesla|Pinterest|AppLovin	neutral	markets	ok
2025-08-08	Electronic Technology	Bitcoin|CNBC Crypto World	neutral	markets	ok
2025-08-08	Producer Manufacturing	Dodge|Stellantis	positive	products	ok
2025-08-08	Retail Trade	Bed Bath & Beyond	neutral	markets	ok
2025-08-08	Consumer Durables	Apple|Tim Cook	positive	products	ok
2025-08-08	Transportation	Tesla|Uber|Lyft	positive	products	ok
2025-08-08	Electronic Technology	Intel|Lip-Bu Tan	neutral	other	ok
2025-08-08	Energy Minerals	Trump|White House|U.S. Customs and Border Protection	positive	macro	ok
2025-08-08	Health Services	Gilead Sciences|Monster Beverage|Trade Desk|MP Materials|Sweetgreen	neutral	markets	ok
2025-08-09	Electronic Technology	Apple|Microsoft|Nvidia|Google|Amazon	positive	markets	ok
2025-08-10	Transportation	Ukraine|Trump-Putin meeting	neutral	macro	ok
2025-08-10	Finance	Wall Street analysts|dividend stocks|Chevron|AT&T	positive	markets	ok
2025-08-10	Transportation	Gaza|military offensive	negative	macro	ok
2025-08-10	Electronic Technology	cybercriminal organizations|AI agents	positive	other	ok
2025-08-10	Finance	AI|billionaires	positive	markets	ok
2025-08-10	Electronic Technology	Nvidia|H20 chips	negative	regulation	ok
2025-08-10	Consumer Durables	luxury brands	positive	products	ok
2025-08-10	Technology Services	AI|search business	positive	products	ok
2025-08-11	Electronic Technology	Nvidia|AMD	positive	products	ok
2025-08-11	Technology Services	SoftBank|PayPay	positive	markets	ok
2025-08-11	Consumer Durables	Tesla	neutral	products	ok
2025-08-11	Producer Manufacturing	U.S. Steel	negative	markets	ok
2025-08-11	Retail Trade	Amazon	positive	markets	ok
2025-08-11	Technology Services	C3 AI	negative	earnings	ok
2025-08-11	Utilities	Orsted	negative	markets	ok
2025-08-11	Consumer Durables	U.S. automakers	neutral	markets	ok
2025-08-12	Finance	Goldman Sachs	neutral	markets	ok
2025-08-12	Transportation	SpaceX|AST SpaceMobile	neutral	markets	ok
2025-08-12	Producer Manufacturing	Boeing|Airbus	negative	markets	ok
2025-08-12	Finance	U.S. Treasury|interest rates	positive	macro	ok
2025-08-12	Electronic Technology	Nvidia|AMD	negative	regulation	ok
2025-08-12	Technology Services	Google|Chrome	neutral	products	ok
2025-08-12	Finance	Federal Reserve|Jerome Powell	negative	regulation	ok
2025-08-12	Health Services	Pfizer	neutral	products	ok
2025-08-13	Consumer Non-Durables	Gildan|Hanesbrands	neutral	M&A	ok
2025-08-13	Electronic Technology	Tencent	positive	earnings	ok
2025-08-13	Electronic Technology	Cisco	positive	earnings	ok
2025-08-13	Transportation	Port of Los Angeles	positive	macro	ok
2025-08-13	Finance	Warren Buffett|industrial sector	neutral	other	ok
2025-08-13	Finance	Bullish|Crypto exchange	positive	markets	ok
2025-08-13	Consumer Non-Durables	Cava|Chipotle	negative	macro	ok
2025-08-13	Finance	Goldman Sachs|economists	neutral	macro	ok
2025-08-14	Electronic Technology	Palantir|Peter Thiel|Alex Karp	positive	products	ok
2025-08-14	Consumer Non-Durables	Apple|Masimo	negative	regulation	ok
2025-08-14	Consumer Services	Paramount|UFC	neutral	markets	ok
2025-08-14	Technology Services	Cisco|Chuck Robbins	positive	products	ok
2025-08-14	Consumer Durables	Cadillac|General Motors	positive	products	ok
2025-08-14	Consumer Non-Durables	Tapestry|Coach	negative	markets	ok
2025-08-14	Consumer Non-Durables	Nike|Phil Knight	positive	products	ok
2025-08-14	Electronic Technology	Foxconn	positive	products	ok
2025-08-15	Electronic Technology	Nvidia	neutral	markets	ok
2025-08-15	Electronic Technology	Applied Materials	negative	earnings	ok
2025-08-15	Consumer Non-Durables	Shein	positive	markets	ok
2025-08-15	Electronic Technology	Intel	neutral	regulation	ok
2025-08-15	Distribution Services	Opendoor	negative	earnings	ok
2025-08-15	Consumer Non-Durables	DraftKings	positive	markets	ok
2025-08-15	Technology Services	Meta	negative	regulation	ok
2025-08-15	Health Services	UnitedHealth	positive	markets	ok
2025-08-16	Consumer Durables	Samsung|Apple	positive	products	ok
2025-08-16	Finance	FBI|Kash Patel|Jim Stewartson	positive	other	ok
2025-08-17	Energy Minerals	energy transition|green business leaders|CNBC|JP Ong	positive	macro	ok
2025-08-18	Transportation	Qantas	negative	markets	ok
2025-08-18	Consumer Durables	Tesla	negative	markets	ok
2025-08-18	Retail Trade	Walmart|Target	neutral	markets	ok
2025-08-18	Energy Minerals	Bitcoin	negative	markets	ok
2025-08-18	Electronic Technology	Meta Platforms|Duolingo|Target|Dayforce|TeraWulf	positive	markets	ok
2025-08-18	Health Services	Novo Nordisk	positive	products	ok
2025-08-18	Finance	Yieldstreet	negative	markets	ok
2025-08-18	Energy Minerals	Google|Kairos Power	positive	products	ok
2025-08-19	Electronic Technology	Nvidia	neutral	products	ok
2025-08-19	Industrial Services	European defense stocks	negative	markets	ok
2025-08-19	Consumer Durables	Tesla	negative	products	ok
2025-08-19	Electronic Technology	AI	positive	products	ok
2025-08-19	Finance	Crypto stocks	negative	markets	ok
2025-08-19	Consumer Non-Durables	senior living market	positive	markets	ok
2025-08-19	Energy Minerals	President Donald Trump	positive	regulation	ok
2025-08-19	Electronic Technology	Intel	neutral	products	ok
2025-08-20	Finance	Fed|Federal Reserve	neutral	macro	ok
2025-08-20	Electronic Technology	Google|Pixel 10|Gemini	positive	products	ok
2025-08-20	Technology Services	Palantir	negative	markets	ok
2025-08-20	Electronic Technology	Nasdaq|tech stocks	negative	markets	ok
2025-08-20	Electronic Technology	OpenAI	positive	markets	ok
2025-08-20	Finance	Crypto treasury firms	negative	markets	ok
2025-08-20	Electronic Technology	Intel	neutral	markets	ok
2025-08-20	Consumer Durables	Sony	neutral	products	ok
2025-08-21	Electronic Technology	Apple TV+|Apple	positive	products	ok
2025-08-21	Retail Trade	Walmart	neutral	earnings	ok
2025-08-21	Electronic Technology	Meta|AI	neutral	products	ok
2025-08-21	Retail Trade	Cracker Barrel	negative	products	ok
2025-08-21	Consumer Non-Durables	Home sales|inventory	positive	macro	ok
2025-08-21	Finance	Fed Governor Cook|Federal Reserve	neutral	regulation	ok
2025-08-21	Transportation	Tesla	neutral	regulation	ok
2025-08-22	Producer Manufacturing	Stellantis|Jeep	neutral	products	ok
2025-08-22	Technology Services	OpenAI	positive	markets	ok
2025-08-22	Consumer Non-Durables	Nio	positive	markets	ok
2025-08-22	Communications	Google|Meta	positive	markets	ok
2025-08-22	Electronic Technology	Nvidia|Jensen Huang	positive	markets	ok
2025-08-22	Electronic Technology	Intel|Trump	positive	markets	ok
2025-08-22	Electronic Technology	Texas Instruments|Apple	positive	products	ok
2025-08-23	Consumer Non-Durables	consumer sentiment	negative	macro	ok
2025-08-24	Electronic Technology	SpaceX|NASA|Department of Defense	positive	markets	ok
2025-08-24	Health Services	Eli Lilly|Novo Nordisk	neutral	products	ok
2025-08-25	Electronic Technology	U.S. government|Intel	positive	markets	ok
2025-08-25	Technology Services	Apple|OpenAI|xAI	negative	regulation	ok
2025-08-25	Consumer Non-Durables	Keurig Dr Pepper|JDE Peet’s	negative	M&A	ok
2025-08-25	Producer Manufacturing	China's Dongfeng Motor	positive	markets	ok
2025-08-25	Electronic Technology	Intel	neutral	products	ok
2025-08-25	Electronic Technology	Nvidia	positive	products	ok
2025-08-25	Transportation	Berkshire Hathaway's BNSF Railway|CSX	positive	markets	ok
2025-08-25	Electronic Technology	Chinese tech stock|Nio|ASMPT	positive	markets	ok
2025-08-26	Finance	Federal Reserve|Lisa Cook|Donald Trump	negative	regulation	ok
2025-08-26	Electronic Technology	Nvidia|TSMC	positive	products	ok
2025-08-26	Electronic Technology	Apple|iPhone 17	positive	products	ok
2025-08-26	Communications	EchoStar|AT&T|SpaceX	positive	markets	ok
2025-08-26	Consumer Durables	Lamborghini|Mercedes-Benz|Nissan	negative	markets	ok
2025-08-26	Consumer Durables	German autos sector	negative	macro	ok
2025-08-26	Transportation	South Korea's Lee|Boeing	positive	markets	ok
2025-08-27	Transportation	SpaceX	positive	products	ok
2025-08-27	Electronic Technology	Saudi AI firm Humain|Nvidia|AMD|Groq	neutral	macro	ok
2025-08-27	Electronic Technology	ByteDance	positive	markets	ok
2025-08-27	Consumer Services	Taylor Swift|companies|prediction markets	positive	other	ok
2025-08-27	Commercial Services	Google|exec	neutral	other	ok
2025-08-27	Finance	Trump White House|Fed Governor Lisa Cook	negative	regulation	ok
2025-08-27	Electronic Technology	Nvidia|analysts	positive	earnings	ok
2025-08-27	Consumer Non-Durables	Cracker Barrel	positive	products	ok
2025-08-28	Electronic Technology	Nvidia|Nvidia's top two customers	positive	markets	ok
2025-08-28	Consumer Durables	Nike	neutral	products	ok
2025-08-28	Technology Services	Microsoft	neutral	products	ok
2025-08-28	Electronic Technology	Pure Storage|Meta	positive	markets	ok
2025-08-28	Consumer Non-Durables	Tesla|BYD	negative	markets	ok
2025-08-28	Transportation	Qantas	positive	markets	ok
2025-08-28	Producer Manufacturing	Dell	negative	markets	ok
2025-08-28	Energy Minerals	Orsted	negative	markets	ok
2025-08-29	Consumer Durables	Tesla|Autopilot	negative	products	ok
2025-08-29	Electronic Technology	AI|Reliance|Meta	positive	products	ok
2025-08-29	Electronic Technology	Alibaba|AI chip	positive	products	ok
2025-08-29	Energy Minerals	offshore wind projects	negative	regulation	ok
2025-08-29	Consumer Services	S&P 500|Nvidia	positive	markets	ok
2025-08-29	Energy Minerals	inflation|interest rates	neutral	macro	partial
2025-08-29	Finance	Federal Reserve|Lisa Cook	neutral	regulation	ok
2025-08-29	Retail Trade	Retail	negative	macro	ok
2025-08-31	Technology Services	OpenAI|Microsoft	positive	macro	ok
2025-09-01	Consumer Non-Durables	California's economy	negative	macro	ok
2025-09-01	Health Technology	Trump|drugmakers|FDA	negative	regulation	ok
2025-09-01	Communications	China|Modi|Xi|Putin	neutral	macro	ok
2025-09-01	Transportation	EU|Russia|Ursula von der Leyen	negative	macro	ok
2025-09-01	Consumer Non-Durables	Nestle	negative	other	ok
2025-09-01	Electronic Technology	Nvidia|Opendoor	positive	markets	ok
2025-09-01	Transportation	Gaza|Elon Musk	neutral	macro	ok
2025-09-01	Energy Minerals	U.S.|Russia|Ukraine	neutral	macro	ok
2025-09-02	Energy Minerals	Russia|China	neutral	macro	ok
2025-09-02	Retail Trade	Walmart	positive	markets	ok
2025-09-02	Electronic Technology	OpenAI|Statsig	positive	markets	ok
2025-09-02	Consumer Durables	Tesla|Optimus	positive	products	ok
2025-09-02	Consumer Non-Durables	Kraft Heinz|Berkshire Hathaway	negative	markets	ok
2025-09-02	Technology Services	Salesforce|AI	neutral	products	ok
2025-09-02	Distribution Services	Amazon|Prime	neutral	products	ok
2025-09-02	Energy Minerals	U.S. government|President Trump	negative	regulation	ok
2025-09-03	Transportation	China|Xi Jinping	neutral	macro	ok
2025-09-03	Electronic Technology	UBS	positive	markets	ok
2025-09-03	Electronic Technology	Alphabet	positive	markets	ok
2025-09-03	Finance	Norway’s $2 trillion sovereign wealth fund	positive	markets	ok
2025-09-03	Health Services	Novo Nordisk	positive	products	ok
2025-09-03	Technology Services	Apple|Tim Cook	positive	products	ok
2025-09-03	Finance	Federal Reserve	neutral	macro	ok
2025-09-03	Consumer Non-Durables	Disney	neutral	regulation	ok
2025-09-04	Consumer Non-Durables	Ford	positive	products	ok
2025-09-04	Health Services	RFK Jr.	negative	other	ok
2025-09-04	Retail Trade	retailers	neutral	macro	ok
2025-09-04	Communications	Motorola Solutions	positive	markets	ok
2025-09-04	Finance	SEC	neutral	regulation	ok
2025-09-04	Consumer Non-Durables	Tesla	positive	products	ok
2025-09-04	Electronic Technology	Broadcom	positive	earnings	ok
2025-09-04	Finance	Goldman	positive	markets	ok
2025-09-05	Electronic Technology	Roblox	neutral	products	ok
2025-09-05	Electronic Technology	Broadcom|OpenAI	positive	products	ok
2025-09-05	Electronic Technology	Google|antitrust	positive	regulation	ok
2025-09-05	Consumer Durables	Tesla|Musk|xAI	positive	products	ok
2025-09-05	Industrial Services	South Korea|Hyundai	neutral	other	ok
2025-09-05	Consumer Non-Durables	Kenvue|HHS|Wall Street Journal	negative	products	ok
2025-09-05	Electronic Technology	Google|EU	negative	regulation	ok
2025-09-05	Finance	Mortgage rates	negative	macro	ok
2025-09-06	Electronic Technology	Artificial Intelligence|Tech Giants	positive	products	ok
2025-09-07	Energy Minerals	OPEC+|Saudi Arabia	positive	markets	ok
2025-09-07	Consumer Non-Durables	World Gold Council	neutral	products	ok
2025-09-08	Finance	Federal Reserve	neutral	macro	ok
2025-09-08	Electronic Technology	Nvidia|OpenAI|Blackstone|BlackRock	positive	other	ok
2025-09-08	Consumer Non-Durables	Hyundai|LG	neutral	other	ok
2025-09-08	Electronic Technology	Applovin	positive	markets	ok
2025-09-08	Health Services	Trump|E. Jean Carroll	negative	other	ok
2025-09-08	Electronic Technology	Cognition|Windsurf	positive	other	ok
2025-09-08	Retail Trade	Robinhood|Caesars Entertainment	positive	markets	ok
2025-09-08	Transportation	SpaceX|EchoStar	neutral	markets	ok
2025-09-09	Consumer Non-Durables	GAC	positive	products	ok
2025-09-09	Producer Manufacturing	Ford	negative	products	ok
2025-09-09	Electronic Technology	Nebius	positive	products	ok
2025-09-09	Producer Manufacturing	Boeing	positive	products	ok
2025-09-09	Finance	JPMorgan Chase	negative	macro	ok
2025-09-09	Finance	U.S. economy|Fed	negative	macro	ok
2025-09-09	Consumer Durables	Apple	positive	products	ok
2025-09-09	Electronic Technology	Microsoft	positive	products	ok
2025-09-10	Technology Services	Oracle|Larry Ellison	positive	markets	ok
2025-09-10	Retail Trade	Klarna	positive	markets	ok
2025-09-10	Electronic Technology	Broadcom	positive	markets	ok
2025-09-10	Electronic Technology	Qualcomm|BMW	positive	products	ok
2025-09-10	Consumer Durables	Tesla	positive	markets	ok
2025-09-10	Consumer Non-Durables	Zara|Inditex	positive	markets	ok
2025-09-10	Consumer Non-Durables	Chipotle	positive	markets	ok
2025-09-11	Electronic Technology	Alphabet|Meta|OpenAI|xAI|Snap	negative	regulation	ok
2025-09-11	Consumer Durables	Hyundai|LG	neutral	other	ok
2025-09-11	Finance	private equity	positive	other	ok
2025-09-11	Finance	Treasury Secretary Bessent|Warsh|Lindsey|Bullard	neutral	appointments	ok
2025-09-11	Consumer Non-Durables	Bureau of Labor Statistics	neutral	macro	ok
2025-09-11	Consumer Services	FBI|Charlie Kirk	negative	other	ok
2025-09-11	Consumer Services	Paramount Skydance|Warner Bros. Discovery	neutral	M&A	ok
2025-09-11	Finance	Dow|Federal Reserve	positive	markets	ok
2025-09-12	Finance	Bank of America	positive	markets	ok
2025-09-12	Electronic Technology	Nvidia|OpenAI	positive	products	ok
2025-09-12	Electronic Technology	Apple|Google|Meta	positive	products	ok
2025-09-12	Electronic Technology	SK Hynix	positive	markets	ok
2025-09-12	Consumer Durables	Opendoor	negative	other	ok
2025-09-12	Finance	Fed	neutral	macro	ok
2025-09-12	Health Services	Pfizer|Moderna	negative	macro	ok
2025-09-12	Electronic Technology	Gemini|Winklevoss	positive	markets	ok
2025-09-13	Transportation	Panama Canal	neutral	macro	ok
2025-09-14	Electronic Technology	UBS|China companies	positive	markets	ok
2025-09-14	Finance	U.S. Treasury|Trade Representative|Chinese Vice Premier|Li Chenggang	neutral	macro	ok
2025-09-14	Technology Services	Oracle|OpenAI	positive	products	ok
2025-09-14	Finance	Banks|credit card companies	negative	markets	ok
2025-09-15	Energy Minerals	U.S.|U.K.	neutral	macro	partial
2025-09-15	Electronic Technology	Nvidia	negative	regulation	ok
2025-09-15	Communications	TikTok|China	positive	markets	ok
2025-09-15	Finance	SEC	neutral	regulation	ok
2025-09-15	Consumer Durables	Tesla|Elon Musk	positive	markets	ok
2025-09-15	Technology Services	CoreWeave|Nvidia	positive	markets	ok
2025-09-15	Electronic Technology	Alphabet|Google	positive	markets	ok
2025-09-16	Transportation	JPMorgan|Delta|Aeromexico	neutral	markets	ok
2025-09-16	Electronic Technology	Google	positive	markets	ok
2025-09-16	Consumer Non-Durables	Disney|Marvel|Star Wars|Webtoon	positive	products	ok
2025-09-16	Consumer Services	Warner Bros. Discovery	positive	markets	ok
2025-09-16	Health Services	Eli Lilly	positive	products	ok
2025-09-16	Transportation	Alphabet|Waymo	positive	markets	ok
2025-09-16	Consumer Non-Durables	Google|Apple|ChatGPT	positive	products	ok
2025-09-16	Technology Services	Netskope|Palo Alto Networks|Cisco|Broadcom	positive	markets	ok
2025-09-17	Finance	Federal Reserve|Fed Chair Powell|Stephen Miran	neutral	macro	ok
2025-09-18	Electronic Technology	Nvidia	positive	markets	ok
2025-09-18	Electronic Technology	Meta|Ray-Ban	positive	products	ok
2025-09-18	Electronic Technology	Nscale	positive	products	ok
2025-09-18	Electronic Technology	Huawei	positive	products	ok
2025-09-18	Electronic Technology	CrowdStrike|Pangea	positive	products	ok
2025-09-18	Technology Services	Notion	positive	products	ok
2025-09-18	Electronic Technology	Nvidia|Intel	positive	markets	ok
2025-09-19	Distribution Services	Walmart|Marketplace	negative	markets	ok
2025-09-19	Retail Trade	Amazon|Pattern	positive	markets	ok
2025-09-19	Finance	Steve Bannon|Bessent|Treasury|Fed	neutral	appointments	ok
2025-09-19	Communications	FCC|Jimmy Kimmel|Disney|ABC	negative	regulation	ok
2025-09-19	Finance	Dow|S&P	positive	markets	ok
2025-09-19	Transportation	UPS	neutral	markets	ok
2025-09-19	Electronic Technology	Elon Musk|xAI	positive	products	ok
2025-09-19	Consumer Non-Durables	Trump|Xi|TikTok	neutral	macro	ok
2025-09-20	Technology Services	Meta|Mark Zuckerberg	neutral	products	ok
2025-09-20	Electronic Technology	Alibaba	positive	products	ok
2025-09-20	Communications	TikTok	neutral	regulation	ok
2025-09-20	Energy Minerals	U.S. Steel	positive	regulation	ok
2025-09-20	Finance	Oliver Bate|Allianz	negative	macro	ok
2025-09-21	Electronic Technology	China|Nvidia	positive	macro	ok
2025-09-21	Consumer Non-Durables	Berkshire Hathaway|BYD	negative	markets	ok
2025-09-21	Finance	U.S.|South Korea|President Lee	neutral	macro	ok
2025-09-21	Consumer Non-Durables	UK|Canada|Australia|Palestinian state	neutral	other	ok
2025-09-21	Finance	U.S. House|China	neutral	macro	ok
2025-09-21	Finance	Schumer|Trump	neutral	other	ok
2025-09-21	Transportation	European airports	negative	other	ok
2025-09-21	Consumer Services	Europe	positive	macro	ok
2025-09-22	Technology Services	India|Infosys|Tech Mahindra|Wipro|HCL Technologies|Tata Consultancy Services	negative	macro	ok
2025-09-22	Energy Minerals	Adani Power	positive	markets	ok
2025-09-22	Electronic Technology	Apple|Luxshare	positive	products	ok
2025-09-22	Electronic Technology	Nvidia|OpenAI|Jensen Huang	positive	products	ok
2025-09-22	Finance	Bitcoin|BitGo|Ondo Finance	neutral	markets	ok
2025-09-22	Health Services	Pfizer|Metsera	positive	products	ok
2025-09-22	Consumer Durables	Nike|Skims	positive	products	ok
2025-09-23	Finance	Bitcoin	positive	markets	ok
2025-09-23	Commercial Services	U.S. and global growth|OECD	positive	macro	ok
2025-09-23	Producer Manufacturing	Boeing	positive	markets	ok
2025-09-23	Retail Trade	Amazon	negative	regulation	ok
2025-09-23	Finance	Fed|Powell	negative	macro	ok
2025-09-23	Health Services	Eli Lilly	positive	products	ok
2025-09-23	Consumer Non-Durables	Disney	neutral	products	ok
2025-09-23	Electronic Technology	Nvidia|OpenAI	positive	markets	ok
2025-09-24	Consumer Durables	New home sales	positive	macro	ok
2025-09-24	Finance	day trading	positive	regulation	ok
2025-09-24	Transportation	ICE detainees	negative	other	ok
2025-09-24	Consumer Services	Nexstar|Jimmy Kimmel Live	neutral	other	ok
2025-09-24	Consumer Non-Durables	Honda|GM|Acura EV	negative	products	ok
2025-09-24	Electronic Technology	Bitcoin|Morgan Stanley|crypto trading	positive	markets	ok
2025-09-24	Energy Minerals	Lithium Americas|Trump administration	positive	macro	ok
2025-09-24	Technology Services	Microsoft|Anthropic AI	positive	products	ok
2025-09-25	Electronic Technology	Apple	negative	macro	ok
2025-09-25	Consumer Durables	Starbucks	negative	other	ok
2025-09-25	Electronic Technology	Microsoft|Israeli military	negative	regulation	ok
2025-09-25	Electronic Technology	Nvidia|OpenAI	positive	markets	ok
2025-09-25	Finance	Ken Griffin|Trump	negative	other	ok
2025-09-25	Technology Services	TikTok|Oracle|Silver Lake|MGX	positive	M&A	ok
2025-09-25	Consumer Non-Durables	Amazon|FTC	negative	regulation	ok
2025-09-25	Health Services	Health providers|ACA	negative	macro	ok
2025-09-26	Retail Trade	Costco	neutral	markets	ok
2025-09-26	Electronic Technology	Nvidia	positive	markets	ok
2025-09-26	Electronic Technology	Bitcoin|ether	negative	markets	ok
2025-09-26	Electronic Technology	OpenAI	positive	products	ok
2025-09-26	Finance	Howard Rubin	negative	other	ok
2025-09-26	Electronic Technology	Electronic Arts	positive	markets	ok
2025-09-26	Distribution Services	ABC stations|Sinclair	neutral	other	ok
2025-09-26	Utilities	U.S. government	neutral	macro	ok
2025-09-27	Consumer Non-Durables	PepsiCo|Taco Bell|Swig	positive	products	ok
2025-09-27	Electronic Technology	Intel	negative	markets	ok
2025-09-27	Industrial Services	Honeywell	neutral	products	ok
2025-09-28	Energy Minerals	MP Materials|U.S. miners|China	positive	macro	ok
2025-09-28	Technology Services	AI|companies|Asana|knowledge workers	neutral	markets	ok
2025-09-29	Producer Manufacturing	GlobalFoundries	neutral	products	ok
2025-09-29	Energy Minerals	China's industrial profits	positive	macro	ok
2025-09-29	Health Services	European stocks|AstraZeneca|GSK	positive	markets	ok
2025-09-29	Finance	China’s stock market|CSI 300	positive	markets	ok
2025-09-29	Transportation	Lufthansa	negative	other	ok
2025-09-29	Finance	Cleveland Fed’s Hammack	negative	macro	ok
2025-09-29	Finance	Sony Financial Group	positive	markets	ok
2025-09-30	Utilities	U.S. government	neutral	macro	ok
2025-09-30	Health Services	Pfizer	positive	products	ok
2025-09-30	Energy Minerals	Oil companies	negative	markets	ok
2025-09-30	Electronic Technology	Nvidia	positive	markets	ok
2025-09-30	Finance	JPMorgan Chase	positive	markets	ok
2025-09-30	Retail Trade	Amazon	positive	products	ok
2025-09-30	Consumer Durables	Tesla	positive	products	partial
2025-09-30	Distribution Services	European Union	neutral	macro	ok
2025-10-01	Health Services	AstraZeneca	neutral	markets	ok
2025-10-01	Finance	BlackRock	positive	markets	ok
2025-10-01	Consumer Non-Durables	Ford|GM	positive	markets	ok
2025-10-01	Consumer Durables	Peloton	neutral	products	ok
2025-10-01	Finance	Federal Reserve|Lisa Cook	neutral	regulation	ok
2025-10-01	Technology Services	Microsoft	positive	products	ok
2025-10-01	Electronic Technology	Intel|AMD|Nvidia|Softbank	positive	products	ok
2025-10-01	Distribution Services	Zillow|Redfin	negative	regulation	ok
2025-10-02	Finance	FICO	positive	products	ok
2025-10-02	Consumer Durables	Tesla	positive	products	ok
2025-10-02	Finance	Bitcoin|Robinhood	positive	markets	ok
2025-10-02	Retail Trade	Best Buy	positive	markets	ok
2025-10-02	Consumer Non-Durables	Disney	negative	markets	ok
2025-10-02	Distribution Services	Amazon	neutral	regulation	ok
2025-10-02	Technology Services	Perplexity AI	positive	products	ok
2025-10-02	Electronic Technology	Intel	positive	markets	ok
2025-10-03	Finance	Goldman Sachs|David Solomon	negative	markets	ok
2025-10-03	Electronic Technology	Bitcoin	positive	markets	ok
2025-10-03	Finance	S&P 500	positive	markets	ok
2025-10-03	Electronic Technology	Rigetti Computing|D-Wave|Nvidia	positive	markets	ok
2025-10-03	Consumer Durables	Tesla|GM	positive	products	ok
2025-10-03	Finance	Berkshire Hathaway	neutral	other	ok
2025-10-03	Transportation	Spirit Airlines	negative	regulation	ok
2025-10-03	Retail Trade	Walmart|OnePay	positive	products	ok
2025-10-05	Energy Minerals	OxyChem	positive	markets	ok
2025-10-05	Distribution Services	Prologis|Amazon|Meta	positive	products	ok
2025-10-06	Technology Services	Figma	positive	products	ok
2025-10-06	Consumer Durables	Aston Martin	negative	products	ok
2025-10-06	Consumer Durables	Tesla	neutral	products	ok
2025-10-06	Finance	Fifth Third Bancorp|Comerica	neutral	M&A	ok
2025-10-06	Finance	Bitcoin	positive	markets	ok
2025-10-06	Electronic Technology	OpenAI|ChatGPT|AMD|Nvidia|Cerebras|Anthropic	positive	products	ok
2025-10-06	Finance	Paul Tudor Jones	positive	markets	ok
2025-10-06	Consumer Durables	Nike	neutral	other	ok
2025-10-07	Health Services	J&J	negative	regulation	ok
2025-10-07	Electronic Technology	AMD	positive	products	ok
2025-10-07	Electronic Technology	Qualcomm|Arduino	positive	products	ok
2025-10-07	Finance	Ares Management	positive	markets	ok
2025-10-07	Technology Services	Oracle|Nvidia	negative	markets	ok
2025-10-07	Consumer Durables	Tesla	positive	products	ok
2025-10-07	Consumer Non-Durables	Jewelry companies|Gold	negative	products	ok
2025-10-07	Electronic Technology	Bitcoin|Crypto	neutral	markets	ok
2025-10-08	Finance	Federal Reserve|interest rate cuts	positive	macro	ok
2025-10-08	Finance	government shutdown|funding bills	negative	macro	ok
2025-10-08	Electronic Technology	CoreWeave|AI tools|Meta|OpenAI	positive	products	ok
2025-10-08	Finance	ETF|Nasdaq Composite	neutral	markets	ok
2025-10-08	Transportation	air traffic control|flight delays	negative	macro	ok
2025-10-08	Finance	JPMorgan|Shake Shack|Southwest Airlines|Skyworks Solutions	negative	markets	ok
2025-10-08	Electronic Technology	AMD|OpenAI|Nvidia	positive	products	ok
2025-10-08	Finance	mortgages|interest rates	neutral	macro	ok
2025-10-09	Consumer Durables	Tesla|FSD	negative	regulation	ok
2025-10-09	Energy Minerals	Orsted|wind power	negative	macro	ok
2025-10-09	Finance	HSBC|Hang Seng Bank	positive	markets	ok
2025-10-09	Electronic Technology	Google|OpenAI|Snowflake	positive	products	ok
2025-10-09	Consumer Non-Durables	Oracle|Ferrari|Delta|Albemarle	neutral	markets	ok
2025-10-09	Non-Energy Minerals	Rare earths stocks|China	positive	markets	ok
2025-10-09	Transportation	Trump|Jared Isaacman|SpaceX|Elon Musk	neutral	macro	ok
2025-10-09	Consumer Non-Durables	PepsiCo|Novo Nordisk	positive	earnings	ok
2025-10-10	Electronic Technology	Apple|Prompt AI	positive	markets	ok
2025-10-10	Health Services	Trump|AstraZeneca|Pfizer	positive	products	ok
2025-10-10	Electronic Technology	Applied Digital|CoreWeave	positive	markets	ok
2025-10-10	Finance	Morgan Stanley	positive	markets	ok
2025-10-10	Producer Manufacturing	Rocket Lab|CoreWeave	positive	markets	ok
2025-10-10	Retail Trade	Costco	positive	markets	ok
2025-10-10	Electronic Technology	Qualcomm|Xiaomi	neutral	markets	ok
2025-10-10	Consumer Durables	Ferrari	negative	markets	ok
2025-10-11	Transportation	Qatar Air Force|USAF	neutral	other	ok
2025-10-13	Consumer Non-Durables	Xiaomi	negative	products	ok
2025-10-13	Electronic Technology	Broadcom|Nvidia|AMD|OpenAI	positive	products	ok
2025-10-13	Consumer Durables	Tesla|Tata Capital	neutral	markets	partial
2025-10-13	Electronic Technology	JPMorgan|quantum computing	positive	markets	ok
2025-10-13	Technology Services	Oracle|Magouyrk|OpenAI	positive	markets	ok
2025-10-13	Energy Minerals	Bloom Energy|Brookfield	positive	products	ok
2025-10-14	Electronic Technology	Google|Alphabet	positive	markets	ok
2025-10-14	Producer Manufacturing	Boeing	positive	markets	ok
2025-10-14	Health Services	Johnson & Johnson|J&J|DePuy Synthes	positive	products	ok
2025-10-14	Technology Services	OpenAI	positive	products	ok
2025-10-14	Finance	Fed|Jerome Powell	neutral	macro	ok
2025-10-14	Communications	Meta	negative	regulation	ok
2025-10-14	Finance	JPMorgan|Jamie Dimon	negative	markets	ok
2025-10-14	Finance	CNBC Crypto World|BlackRock|Larry Fink|Richard Green	neutral	markets	ok
2025-10-15	Distribution Services	Walmart	positive	products	ok
2025-10-15	Energy Minerals	Trump administration|China|Treasury Secretary Scott Bessent	negative	regulation	ok
2025-10-15	Consumer Services	Fed|companies	negative	macro	ok
2025-10-15	Finance	S&P 500|Bank of America	neutral	markets	ok
2025-10-15	Consumer Non-Durables	Tesla|GM|Ford	negative	products	ok
2025-10-15	Electronic Technology	Anthropic	positive	products	ok
2025-10-15	Energy Minerals	U.S. Army|nuclear stocks	positive	products	ok
2025-10-15	Finance	Ethereum|crypto	negative	markets	ok
2025-10-16	Electronic Technology	Cybersecurity firm F5	negative	products	ok
2025-10-16	Technology Services	Oracle	positive	products	ok
2025-10-16	Electronic Technology	Apple	positive	products	ok
2025-10-16	Finance	Vanguard	positive	markets	ok
2025-10-16	Consumer Non-Durables	Nestle	positive	products	ok
2025-10-16	Finance	U.S. budget deficit	neutral	macro	ok
2025-10-16	Finance	Regional banks	negative	markets	ok
2025-10-16	Transportation	United Airlines	negative	markets	ok
2025-10-16	Energy Minerals	Tariff costs|companies|S&P	negative	macro	ok
2025-10-17	Finance	bank|regional banks|U.S. bank	negative	markets	ok
2025-10-17	Utilities	utilities|AI data center	neutral	products	ok
2025-10-17	Non-Energy Minerals	gold	positive	markets	ok
2025-10-17	Consumer Non-Durables	Apple|F1	positive	products	ok
2025-10-17	Consumer Non-Durables	Tesla	neutral	products	ok
2025-10-17	Finance	European markets|bank stocks	negative	markets	ok
2025-10-17	Consumer Non-Durables	Chinese robotaxi company Pony.ai|Stellantis	positive	products	ok
2025-10-17	Electronic Technology	AI|Oracle	positive	products	ok
2025-10-19	Consumer Durables	Netflix|Tesla	positive	earnings	ok
2025-10-19	Transportation	Gaza|Israeli military	negative	macro	ok
2025-10-19	Electronic Technology	Anthropic|OpenAI|U.S. government	neutral	regulation	ok
2025-10-19	Electronic Technology	China|U.S.|Beijing	neutral	macro	ok
2025-10-19	Technology Services	AI headshots|LinkedIn	positive	products	ok
2025-10-19	Finance	Japanese family businesses|private equity	neutral	macro	ok
2025-10-19	Technology Services	X|Apple|OpenAI|Fort Worth	neutral	other	ok
2025-10-19	Consumer Non-Durables	secondhand luxury|resale market	positive	markets	ok
2025-10-20	Industrial Services	European defense stocks	positive	markets	ok
2025-10-20	Producer Manufacturing	Thyssenkrupp|TKMS	positive	markets	ok
2025-10-20	Consumer Non-Durables	Kering|L'Oreal	neutral	M&A	ok
2025-10-20	Electronic Technology	Apple|Loop Capital	positive	products	ok
2025-10-20	Technology Services	Amazon Web Services|Delta Air Lines|United Airlines	negative	other	ok
2025-10-20	Energy Minerals	U.S. and Australia|critical minerals|rare earths	positive	macro	ok
2025-10-20	Producer Manufacturing	Cleveland-Cliffs|Lourenco Goncalves	positive	products	ok
2025-10-21	Electronic Technology	Meta|Blue Owl Capital	positive	markets	ok
2025-10-21	Finance	Morgan Stanley	positive	earnings	ok
2025-10-21	Consumer Non-Durables	Warner Bros. Discovery|Disney+|Apple TV|Netflix	positive	products	ok
2025-10-21	Transportation	Elon Musk|NASA|Duffy	negative	other	ok
2025-10-21	Consumer Non-Durables	U.S. cattle ranchers|Trump	neutral	macro	ok
2025-10-21	Electronic Technology	Palantir	neutral	markets	ok
2025-10-21	Producer Manufacturing	GM	positive	earnings	ok
2025-10-21	Consumer Non-Durables	Coca-Cola|3M	positive	earnings	ok
2025-10-22	Retail Trade	Walmart	neutral	regulation	ok
2025-10-22	Electronic Technology	Baidu	positive	products	ok
2025-10-22	Consumer Services	Netflix	neutral	markets	ok
2025-10-22	Producer Manufacturing	Volkswagen	negative	regulation	ok
2025-10-22	Distribution Services	Amazon	positive	products	ok
2025-10-22	Technology Services	Meta|AI	negative	products	ok
2025-10-22	Producer Manufacturing	GM	positive	products	ok
2025-10-22	Consumer Non-Durables	Tesla	neutral	earnings	ok
2025-10-23	Electronic Technology	Tesla|Nvidia	neutral	products	ok
2025-10-23	Producer Manufacturing	Ford Motor	neutral	earnings	ok
2025-10-23	Consumer Non-Durables	Beyond Meat	negative	markets	ok
2025-10-23	Electronic Technology	Apple|Meta	neutral	products	ok
2025-10-23	Electronic Technology	IonQ|Rigetti Computing|D-Wave Quantum	neutral	macro	ok
2025-10-23	Finance	Trump|Changpeng Zhao|Binance|George Santos	positive	regulation	ok
2025-10-23	Consumer Services	FBI|Chauncey Billups|Terry Rozier|LeBron James|Damon Jones	negative	regulation	ok
2025-10-23	Finance	Kevin Simpson	positive	products	ok
2025-10-24	Consumer Services	Dow|Tech Stocks|Intel|Netflix|Hoka|Ugg|Beyond Meat|Travis Kelce|Six Flags|Jana	positive	markets	ok
2025-10-24	Electronic Technology	AMD|IBM	positive	products	ok
2025-10-24	Energy Minerals	Reliance|Russian crude	neutral	macro	ok
2025-10-24	Communications	TikTok|Meta	negative	regulation	ok
2025-10-24	Transportation	U.S.|China|Trump|Xi	neutral	macro	ok
2025-10-24	Producer Manufacturing	Japan|defence spending	positive	macro	ok
2025-10-24	Consumer Services	NBA|Chauncey Billups|Terry Rozier	negative	other	ok
2025-10-24	Consumer Non-Durables	Gasoline|Grocery Store	neutral	macro	ok
2025-10-26	Health Services	Novartis|Avidity Biosciences	positive	M&A	ok
2025-10-26	Commercial Services	Brazil|U.S.|Lula	neutral	macro	ok
2025-10-26	Electronic Technology	Goldman Sachs|display and speaker manufacturers|Chinese components suppliers	positive	markets	ok
2025-10-26	Technology Services	Meta|Meta’s co-founder Dustin Moskovitz	neutral	products	ok
2025-10-26	Energy Minerals	U.S.|China	neutral	macro	ok
2025-10-27	Electronic Technology	Qualcomm|AMD|Nvidia	positive	products	ok
2025-10-27	Consumer Durables	Tesla|Elon Musk	neutral	other	ok
2025-10-27	Retail Trade	Amazon	negative	markets	ok
2025-10-27	Finance	S&P 500|China trade truce	positive	macro	ok
2025-10-27	Consumer Durables	iRobot|Amazon	negative	markets	ok
2025-10-27	Consumer Services	NBA	neutral	other	ok
2025-10-27	Finance	CNBC Crypto World|Binance|Matt Schultz	positive	regulation	ok
2025-10-27	Utilities	Hurricane Melissa	negative	macro	ok
2025-10-28	Electronic Technology	Nokia	positive	markets	ok
2025-10-28	Health Services	Bill Gates	neutral	other	ok
2025-10-28	Electronic Technology	GitHub|OpenAI|Google|Anthropic	neutral	products	ok
2025-10-28	Utilities	Wells Fargo|Constellation Energy|Sempra	positive	markets	ok
2025-10-28	Electronic Technology	Nvidia|Arizona	positive	products	ok
2025-10-28	Health Technology	Eli Lilly|Nvidia	positive	products	ok
2025-10-28	Finance	Ray Dalio|Fed	negative	macro	ok
2025-10-28	Finance	S&P	positive	markets	ok
2025-10-29	Technology Services	Meta|Mark Zuckerberg	positive	earnings	ok
2025-10-29	Electronic Technology	Nvidia	positive	markets	ok
2025-10-29	Consumer Durables	Apple|iPhone	neutral	products	ok
2025-10-29	Health Services	CVS	positive	earnings	ok
2025-10-29	Finance	Blackrock	positive	markets	ok
2025-10-29	Finance	Feds|Federal Reserve|Powell	neutral	macro	ok
2025-10-29	Electronic Technology	Microsoft|Azure|365	negative	products	ok
2025-10-29	Finance	Fiserv	negative	markets	ok
2025-10-30	Energy Minerals	Shell	positive	earnings	ok
2025-10-30	Finance	Mortgage rates	negative	macro	ok
2025-10-30	Electronic Technology	Meta	negative	products	ok
2025-10-30	Transportation	Delta	neutral	macro	ok
2025-10-30	Electronic Technology	Alphabet	positive	earnings	ok
2025-10-30	Electronic Technology	Apple	neutral	earnings	ok
2025-10-30	Electronic Technology	Amazon	positive	earnings	ok
2025-10-30	Consumer Non-Durables	Chipotle	negative	earnings	ok
2025-10-30	Electronic Technology	Meta|Microsoft|Alphabet	negative	earnings	ok
2025-10-31	Finance	U.S. Department of the Treasury|Series I bond	positive	macro	ok
2025-10-31	Electronic Technology	Nasdaq|S&P 500|Amazon	positive	markets	ok
2025-10-31	Retail Trade	Amazon	positive	earnings	ok
2025-10-31	Communications	Reddit	positive	earnings	ok
2025-10-31	Communications	Disney|ABC|ESPN	negative	regulation	ok
2025-10-31	Finance	Coinbase	positive	earnings	ok
2025-10-31	Consumer Non-Durables	Chocolate	negative	other	ok
2025-10-31	Energy Minerals	Exxon	positive	earnings	ok
2025-10-31	Electronic Technology	Nvidia	positive	earnings	ok
2025-11-01	Technology Services	Microsoft|Meta|Amazon|Alphabet	positive	products	ok
2025-11-01	Electronic Technology	Nexperia	negative	regulation	ok
2025-11-01	Producer Manufacturing	Caterpillar	positive	earnings	ok
2025-11-01	Consumer Non-Durables	Chipotle Mexican Grill|Fiserv	negative	markets	ok
2025-11-02	Consumer Non-Durables	tariffs|holiday shoppers	negative	macro	ok
2025-11-02	Finance	NBC News poll	negative	macro	ok
2025-11-02	Finance	Warren Buffett|Berkshire	neutral	other	ok
2025-11-02	Finance	VC|Carles Reina	neutral	other	ok
2025-11-02	Electronic Technology	AMD|Palantir	neutral	earnings	ok
2025-11-02	Health Services	weight loss drug market	neutral	markets	ok
2025-11-02	Communications	Trump|Xi Jinping	neutral	macro	ok
2025-11-02	Energy Minerals	OPEC+	neutral	macro	ok
2025-11-03	Consumer Non-Durables	Kimberly-Clark|Kenvue	positive	M&A	ok
2025-11-03	Consumer Non-Durables	Ford|Hyundai|Kia	negative	markets	ok
2025-11-03	Health Services	Pfizer|Novo Nordisk|Metsera	negative	products	ok
2025-11-03	Consumer Non-Durables	consumer companies|Warren Buffett|Apple	neutral	earnings	ok
2025-11-03	Electronic Technology	Microsoft|Nvidia|Lambda	positive	products	ok
2025-11-03	Electronic Technology	Nvidia	positive	markets	ok
2025-11-03	Transportation	Tesla	negative	regulation	ok
2025-11-03	Electronic Technology	China|Baidu|Waymo	neutral	macro	ok
2025-11-04	Consumer Non-Durables	Ferrari	positive	earnings	ok
2025-11-04	Consumer Non-Durables	Cava	negative	earnings	ok
2025-11-04	Electronic Technology	Amazon	positive	products	ok
2025-11-04	Technology Services	Palantir|Nvidia	negative	markets	ok
2025-11-04	Consumer Non-Durables	Rivian|Lucid	negative	products	ok
2025-11-04	Energy Minerals	Saudi Aramco	positive	macro	ok
2025-11-04	Retail Trade	Yum Brands|Pizza Hut|Taco Bell|KFC	positive	products	ok
2025-11-05	Consumer Durables	Tesla|Elon Musk	negative	products	ok
2025-11-05	Energy Minerals	Westinghouse	neutral	other	ok
2025-11-05	Finance	Bitcoin|Citigroup	neutral	markets	ok
2025-11-05	Consumer Services	Warner Bros. Discovery|Paramount	neutral	markets	ok
2025-11-05	Retail Trade	Amazon|Jassy	negative	products	ok
2025-11-05	Distribution Services	WBD|Paramount	neutral	markets	ok
2025-11-05	Health Services	Taser|Axon	negative	earnings	ok
2025-11-05	Health Technology	Pfizer|Novo Nordisk|Metsera	positive	markets	ok
2025-11-06	Electronic Technology	Google	positive	products	ok
2025-11-06	Consumer Durables	Peloton	negative	markets	ok
2025-11-06	Retail Trade	Target	negative	markets	ok
2025-11-06	Communications	Meta	negative	markets	ok
2025-11-06	Transportation	FAA	neutral	macro	ok
2025-11-06	Electronic Technology	OpenAI|Sarah Friar	neutral	products	ok
2025-11-06	Health Services	Eli Lilly|Novo Nordisk	positive	products	ok
2025-11-06	Electronic Technology	Microsoft	neutral	products	ok
2025-11-07	Energy Minerals	India|China	neutral	macro	ok
2025-11-07	Finance	Fed|interest rates	neutral	macro	ok
2025-11-07	Consumer Non-Durables	UK's Rightmove	negative	markets	ok
2025-11-07	Transportation	Qantas|Airbus	neutral	products	ok
2025-11-07	Consumer Non-Durables	University of Michigan|Trump administration|FAA|Oracle|Cornell University|Big Tech|Block|Qantas|Comcast|SoftBank Group|Eli Lilly|Novo Nordisk	negative	macro	ok
2025-11-07	Retail Trade	Walmart|Amazon	negative	products	ok
2025-11-07	Electronic Technology	Tesla|Elon Musk|SoftBank Group	positive	products	ok
2025-11-07	Electronic Technology	Google|Tensor Processing Units	positive	products	ok
2025-11-08	Health Services	Trump|Senate Republicans	neutral	macro	ok
2025-11-10	Utilities	U.S. government	neutral	macro	ok
2025-11-10	Finance	Warren Buffett|Berkshire	positive	other	ok
2025-11-10	Electronic Technology	Waymo	positive	products	ok
2025-11-10	Finance	Ripple Labs	positive	markets	ok
2025-11-10	Consumer Durables	Disney	positive	products	ok
2025-11-10	Consumer Durables	Kia	positive	products	ok
2025-11-10	Electronic Technology	Nvidia	positive	markets	ok
2025-11-10	Consumer Durables	Tesla	neutral	products	ok
2025-11-11	Consumer Durables	Tesla	negative	markets	ok
2025-11-11	Electronic Technology	AMD	positive	earnings	ok
2025-11-11	Electronic Technology	Sony	positive	earnings	ok
2025-11-11	Electronic Technology	Nvidia|SoftBank	negative	markets	ok
2025-11-11	Electronic Technology	Alphabet|hyperscalers	negative	markets	ok
2025-11-11	Electronic Technology	Apple	neutral	regulation	ok
2025-11-12	Electronic Technology	Nvidia|Foxconn	positive	markets	ok
2025-11-12	Finance	Dow|Wall Street	positive	markets	ok
2025-11-12	Health Services	Jeffrey Epstein|Trump|DOJ	negative	regulation	ok
2025-11-12	Electronic Technology	Anthropic|OpenAI|Nvidia|Broadcom|Oracle	positive	products	ok
2025-11-12	Utilities	Skyrocketing electricity prices|PJM Interconnection	negative	macro	ok
2025-11-12	Producer Manufacturing	Toyota|U.S. battery plant	positive	products	ok
2025-11-12	Utilities	SSE	positive	markets	ok
2025-11-13	Finance	IRS	neutral	macro	ok
2025-11-13	Consumer Non-Durables	Congress|hemp industry	negative	regulation	ok
2025-11-13	Electronic Technology	Apple	negative	products	ok
2025-11-13	Consumer Services	Disney	negative	earnings	ok
2025-11-13	Finance	Wall Street|Dow	negative	markets	ok
2025-11-13	Consumer Non-Durables	housing market	negative	macro	ok
2025-11-13	Electronic Technology	AI startup Cursor	positive	products	ok
2025-11-13	Producer Manufacturing	Boeing	positive	products	ok
2025-11-14	Finance	UK government|Rachel Reeves	neutral	regulation	ok
2025-11-14	Technology Services	AI companies|DeepL|Picsart	negative	markets	ok
2025-11-14	Energy Minerals	China|U.S.|Switzerland|U.K.|DeepL|Picsart	negative	macro	ok
2025-11-14	Consumer Non-Durables	luxury stocks	positive	products	ok
2025-11-16	Consumer Non-Durables	Luxury	positive	macro	ok
2025-11-17	Electronic Technology	Chipmakers|analysts	negative	markets	ok
2025-11-18	Producer Manufacturing	Toyota Motor	positive	products	ok
2025-11-18	Utilities	Japan	negative	macro	ok
2025-11-18	Consumer Non-Durables	India	negative	macro	ok
2025-11-18	Consumer Services	UK government	neutral	regulation	ok
2025-11-18	Electronic Technology	Rheinmetall	positive	markets	ok
2025-11-19	Finance	Wall Street	negative	markets	ok
2025-11-19	Energy Minerals	Europe|China	neutral	macro	ok
2025-11-19	Energy Minerals	India|U.S.	positive	macro	ok
2025-11-19	Finance	global markets	neutral	macro	ok
2025-11-19	Consumer Durables	Porsche	positive	products	ok
2025-11-19	Electronic Technology	AI	neutral	products	ok
2025-11-19	Finance	Trump|Powell|Bessent	neutral	other	ok
2025-11-19	Consumer Services	Major League Baseball|NBC|ESPN|Netflix	neutral	markets	ok
2025-11-19	Technology Services	Nvidia|xAI	positive	products	ok
2025-11-19	Finance	Hong Kong IPO|China-invested private equity firms	positive	markets	ok
2025-11-20	Energy Minerals	Arctic|China	neutral	macro	ok
2025-11-20	Finance	Bitcoin	negative	markets	ok
2025-11-20	Electronic Technology	Baidu|Nvidia	positive	products	ok
2025-11-20	Electronic Technology	Nvidia	positive	earnings	ok
2025-11-20	Retail Trade	Gap|Banana Republic|Old Navy|Athleta	positive	markets	ok
2025-11-20	Consumer Durables	Mercedes-AMG Petronas F1|Toto Wolff|CrowdStrike|George Kurtz	neutral	other	ok
2025-11-20	Energy Minerals	Trump|Interior	neutral	macro	ok
2025-11-20	Retail Trade	Walmart|T.J. Maxx	positive	markets	ok
2025-11-21	Finance	Fed|John Williams|Jerome Powell|Philip Jefferson	positive	macro	ok
2025-11-21	Transportation	Dow	positive	markets	ok
2025-11-21	Retail Trade	Amazon	negative	earnings	ok
2025-11-21	Electronic Technology	Nvidia	negative	earnings	ok
2025-11-21	Consumer Services	Paramount|Comcast|Netflix|Warner Bros. Discovery	neutral	markets	ok
2025-11-21	Retail Trade	Best Buy|Five Below	positive	markets	ok
2025-11-21	Electronic Technology	Google|Amazon	neutral	products	ok
2025-11-21	Energy Minerals	Oil|energy stocks	negative	markets	ok
2025-11-22	Finance	IRS|crypto	neutral	regulation	ok
2025-11-22	Finance	S&P 500	negative	markets	ok
2025-11-23	Transportation	airlines|airline executives	positive	markets	ok
2025-11-23	Electronic Technology	Microsoft|IT buyers	neutral	products	ok
2025-11-23	Finance	Treasury Secretary Scott Bessent|Trump's policies	positive	macro	ok
2025-11-23	Consumer Non-Durables	Ms Jo Malone CBE|Estée Lauder	neutral	other	ok
2025-11-24	Retail Trade	Amazon|Walmart|TJX Companies|Burlington	positive	markets	ok
2025-11-24	Producer Manufacturing	U.S. Steel|Nippon	neutral	M&A	ok
2025-11-24	Health Services	Novo Nordisk|Eli Lilly	negative	products	ok
2025-11-24	Consumer Durables	Tesla	neutral	products	ok
2025-11-24	Electronic Technology	Alphabet|OpenAI	positive	markets	ok
2025-11-24	Electronic Technology	Meta	negative	regulation	ok
2025-11-24	Electronic Technology	Alibaba	positive	markets	ok
2025-11-24	Producer Manufacturing	Sandisk|Western Digital	neutral	markets	ok
2025-11-25	Retail Trade	Abercrombie & Fitch|Hollister	positive	earnings	ok
2025-11-25	Electronic Technology	Nvidia|Google	positive	products	ok
2025-11-25	Finance	Nuveen	positive	markets	ok
2025-11-25	Consumer Services	CNBC|NHL	neutral	markets	ok
2025-11-25	Finance	Michael Burry	negative	other	ok
2025-11-25	Technology Services	Dell	negative	earnings	ok
2025-11-26	Energy Minerals	Australia	neutral	macro	ok
2025-11-26	Health Services	Medicare|AstraZeneca|Novo Nordisk	neutral	regulation	ok
2025-11-26	Retail Trade	Amazon	negative	other	ok
2025-11-26	Electronic Technology	Nvidia	negative	markets	ok
2025-11-26	Technology Services	Workday	negative	earnings	ok
2025-11-26	Technology Services	MIT	neutral	other	ok
2025-11-26	Consumer Durables	Apple	positive	products	ok
2025-11-26	Finance	Federal Reserve	neutral	macro	ok
2025-11-27	Electronic Technology	Google|Alphabet	positive	products	ok
2025-11-27	Retail Trade	TikTok|Ulta|Walmart	positive	markets	ok
2025-11-28	Distribution Services	warehouse real estate	positive	macro	ok
2025-11-28	Retail Trade	retail	positive	markets	ok
2025-11-28	Producer Manufacturing	Airbus|A320	negative	products	ok
2025-11-28	Finance	Switzerland|inheritance and gifts tax	neutral	regulation	ok
2025-11-28	Consumer Non-Durables	coffee	negative	macro	ok
2025-11-28	Finance	stock market	neutral	markets	ok
2025-11-28	Electronic Technology	AI shopping|digital fraud	negative	products	ok
2025-11-28	Electronic Technology	Bitcoin	positive	markets	ok
2025-11-30	Health Services	Pope Leo|Lebanon|Hezbollah|Naim Qassem	neutral	other	ok
2025-11-30	Finance	Norway wealth fund|Microsoft|Satya Nadella	negative	other	ok
2025-11-30	Process Industries	China|factory	neutral	macro	ok
2025-11-30	Consumer Services	U.S. colleges|international students	negative	macro	ok
2025-11-30	Consumer Non-Durables	Disney|Zootopia 2	positive	markets	ok
2025-11-30	Communications	Hong Kong|Beijing	negative	other	ok
2025-12-01	Consumer Services	Disney|DoorDash	neutral	markets	ok
2025-12-01	Finance	Goldman Sachs	positive	M&A	ok
2025-12-01	Technology Services	Nvidia|Synopsys	neutral	markets	ok
2025-12-01	Transportation	Airbus	negative	products	ok
2025-12-01	Health Services	Eli Lilly|Zepbound	neutral	products	ok
2025-12-01	Electronic Technology	Bitcoin|ether	negative	markets	ok
2025-12-01	Finance	Federal Reserve|Donald Trump	neutral	macro	ok
2025-12-01	Retail Trade	Shopify	neutral	other	ok
2025-12-02	Consumer Non-Durables	Tesla|Elon Musk	negative	products	ok
2025-12-02	Finance	Bitcoin|cryptocurrency	neutral	markets	ok
2025-12-02	Electronic Technology	OpenAI|Google|Anthropic	neutral	products	ok
2025-12-02	Producer Manufacturing	Boeing	positive	earnings	ok
2025-12-02	Electronic Technology	Nvidia|Luma AI	positive	products	ok
2025-12-02	Electronic Technology	Samsung|Chinese brands	neutral	products	ok
2025-12-02	Electronic Technology	Marvell|Celestial AI	positive	M&A	ok
2025-12-02	Consumer Durables	South Korea auto stocks	positive	markets	ok
2025-12-03	Electronic Technology	Nvidia|Jensen Huang	positive	markets	ok
2025-12-03	Electronic Technology	Verkada|CapitalG	positive	markets	ok
2025-12-03	Electronic Technology	Micron	negative	markets	ok
2025-12-03	Electronic Technology	AI bubble|Michael Burry	negative	markets	ok
2025-12-03	Electronic Technology	Microsoft|Azure Foundry	negative	products	ok
2025-12-03	Energy Minerals	U.S. Treasury|1962 Trade Act	neutral	macro	ok
2025-12-03	Electronic Technology	AI data center boom	neutral	macro	ok
2025-12-03	Utilities	energy analysts|electric bills	negative	macro	ok
2025-12-04	Distribution Services	WBD|Paramount|Comcast|Netflix	neutral	markets	ok
2025-12-05	Finance	Binance|Changpeng Zhao	positive	other	ok
2025-12-05	Electronic Technology	Cloudflare	neutral	markets	ok
2025-12-05	Electronic Technology	Meta|Limitless	positive	products	ok
2025-12-05	Finance	India's central bank	neutral	macro	ok
2025-12-05	Finance	Federal Reserve	neutral	macro	ok
2025-12-05	Health Services	RFK Jr.|hepatitis B shot	neutral	regulation	ok
2025-12-05	Consumer Durables	Netflix|Warner Bros. (WBD)|Paramount Skydance|Comcast	negative	M&A	ok
2025-12-05	Electronic Technology	Nvidia|CoreWeave	positive	products	ok
2025-12-06	Transportation	Southwest Airlines	neutral	regulation	ok
2025-12-06	Electronic Technology	SpaceX|Elon Musk	positive	markets	ok
2025-12-07	Consumer Non-Durables	Morgan Stanley|Tesla	negative	markets	ok
2025-12-07	Finance	Federal Reserve	neutral	macro	ok
2025-12-07	Electronic Technology	Chinese internet companies	positive	products	ok
2025-12-08	Consumer Non-Durables	McDonald's	positive	products	ok
2025-12-08	Transportation	Waymo|Tesla	positive	markets	ok
2025-12-08	Finance	Berkshire Hathaway	neutral	other	ok
2025-12-08	Technology Services	IBM|Confluent	positive	markets	ok
2025-12-08	Electronic Technology	Apple|Srouji	neutral	macro	ok
2025-12-08	Electronic Technology	Apple|Tim Cook	neutral	macro	ok
2025-12-08	Distribution Services	WBD|Netflix|Paramount Skydance	neutral	markets	ok
2025-12-08	Finance	Trump|Alina Habba	neutral	other	ok
2025-12-09	Producer Manufacturing	Boeing|Airbus	negative	markets	ok
2025-12-09	Electronic Technology	Nvidia|Trump administration	positive	products	ok
2025-12-09	Electronic Technology	Bitcoin|cryptocurrency	negative	markets	ok
2025-12-09	Health Services	Pfizer|Merck	positive	products	ok
2025-12-09	Finance	Vietnam stock market	positive	markets	ok
2025-12-09	Consumer Non-Durables	China|U.S. soybeans	positive	macro	ok
2025-12-09	Finance	Student Loan Administration	negative	regulation	ok
2025-12-09	Finance	S&P 500|Dow|JPMorgan	neutral	markets	ok
2025-12-10	Utilities	European Union	neutral	regulation	ok
2025-12-10	Finance	Federal Reserve	positive	macro	ok
2025-12-10	Transportation	Boeing	neutral	other	ok
2025-12-10	Transportation	Southwest	positive	products	ok
2025-12-10	Technology Services	Oracle	negative	earnings	ok
2025-12-10	Electronic Technology	Nvidia|Google	positive	products	ok
2025-12-10	Electronic Technology	Starcloud	positive	products	ok
2025-12-10	Finance	U.S. Federal Reserve	positive	macro	ok
2025-12-11	Electronic Technology	Nvidia|SK Hynix	positive	markets	ok
2025-12-11	Energy Minerals	U.S.|Venezuela|Iran	negative	macro	ok
2025-12-11	Transportation	UK|Germany	positive	markets	ok
2025-12-11	Electronic Technology	Broadcom|ASICs|top analysts	positive	earnings	ok
2025-12-11	Technology Services	Oracle|Nvidia|AMD|CoreWeave|Meta	negative	markets	ok
2025-12-11	Consumer Durables	Rivian|AI tech|robotaxi	positive	products	ok
2025-12-11	Consumer Non-Durables	Disney|OpenAI|Sora AI	positive	products	ok
2025-12-11	Finance	Fed|policymakers	neutral	macro	ok
2025-12-12	Finance	Coinbase|Kalshi	positive	products	ok
2025-12-12	Consumer Durables	Disney	positive	products	ok
2025-12-12	Finance	S&P 500|Nasdaq	neutral	markets	ok
2025-12-12	Consumer Durables	McDonald's	positive	products	ok
2025-12-12	Technology Services	Texas|data centers	positive	macro	ok
2025-12-12	Electronic Technology	Broadcom|Oracle|Nvidia	negative	markets	ok
2025-12-12	Consumer Non-Durables	Marijuana	positive	products	ok
2025-12-12	Consumer Services	White House|East Wing	negative	regulation	ok
2025-12-13	Finance	Goldman Sachs Asset Management	positive	products	ok
2025-12-13	Finance	Federal Trade Commission	negative	regulation	ok
2025-12-14	Technology Services	ServiceNow|Armis	positive	M&A	ok
2025-12-15	Finance	PayPal	positive	products	ok
2025-12-15	Finance	Baron Capital|SpaceX	positive	markets	ok
2025-12-15	Finance	BofA's Savita Subramanian	neutral	markets	ok
2025-12-15	Producer Manufacturing	U.S. government	neutral	macro	ok
2025-12-15	Transportation	SpaceX	positive	markets	ok
2025-12-15	Electronic Technology	Amazon Web Services|Apple|Google Public Sector|Dell Technologies|Microsoft|Nvidia|OpenAI	neutral	products	ok
2025-12-15	Health Services	Danaher	positive	markets	ok
2025-12-15	Distribution Services	Zillow|Google	negative	markets	ok
2025-12-16	Technology Services	AI permit process reform|Big Tech	positive	regulation	ok
2025-12-16	Transportation	Southwest Airlines|Circle Internet Group|Halliburton	neutral	markets	ok
2025-12-16	Electronic Technology	Micron	neutral	earnings	ok
2025-12-16	Transportation	Waymo|Zoox|Tesla	positive	products	ok
2025-12-16	Energy Minerals	U.S. crude oil	negative	markets	ok
2025-12-16	Health Services	Obamacare subsidies	neutral	macro	ok
2025-12-16	Health Services	Reclassification to a Schedule III drug|pharmaceutical companies	positive	products	ok
2025-12-16	Electronic Technology	Nasdaq	neutral	markets	ok
2025-12-17	Health Services	Obamacare|Congress	neutral	macro	ok
2025-12-17	Communications	FCC|Brendan Carr	neutral	regulation	ok
2025-12-17	Communications	YouTube|Academy of Motion Picture Arts and Sciences|Google	positive	products	ok
2025-12-17	Finance	Stocks|Nasdaq|Oracle	negative	markets	ok
2025-12-17	Finance	FBI|Dan Bongino	neutral	other	ok
2025-12-17	Finance	Michael Burry|U.S. households	negative	macro	ok
2025-12-17	Technology Services	Oracle|Blue Owl Capital	negative	markets	ok
2025-12-17	Health Services	Medline	positive	markets	ok
2025-12-18	Energy Minerals	BP	positive	earnings	ok
2025-12-18	Energy Minerals	China|U.S.	negative	macro	ok
2025-12-18	Energy Minerals	Copper	positive	markets	ok
2025-12-18	Energy Minerals	BP|Murray Auchincloss|Steve Sedgwick|Woodside's Meg O'Neill	neutral	appointments	ok
2025-12-18	Consumer Non-Durables	Nike	neutral	earnings	ok
2025-12-18	Consumer Non-Durables	Darden Restaurants	positive	earnings	ok
2025-12-18	Consumer Non-Durables	S&P 500|Micron|General Mills	positive	markets	ok
2025-12-18	Consumer Non-Durables	Chipotle	positive	products	ok
2025-12-19	Technology Services	Oracle|TikTok	positive	markets	ok
2025-12-19	Electronic Technology	Palo Alto Networks|Google Cloud	positive	products	ok
2025-12-19	Health Services	UnitedHealth Group	neutral	macro	ok
2025-12-19	Health Technology	BioMarin|Amicus Therapeutics	positive	M&A	ok
2025-12-19	Consumer Durables	Nike	negative	earnings	ok
2025-12-19	Consumer Durables	Tesla	positive	regulation	ok
2025-12-19	Electronic Technology	Nvidia	neutral	markets	ok
2025-12-19	Utilities	Japan's Bank of Japan	neutral	macro	ok
2025-12-20	Retail Trade	Link Asset Management|George Hongchoy	positive	markets	ok
2025-12-21	Finance	cryptocurrency|digital assets	neutral	macro	ok
2025-12-21	Technology Services	AI|tech companies	negative	macro	ok
2025-12-21	Consumer Non-Durables	cocoa markets|candy makers	neutral	macro	ok
2025-12-21	Health Services	DOJ|Trump photo	neutral	other	ok
2025-12-21	Consumer Durables	Disney|Avatar: Fire and Ash	negative	markets	ok
2025-12-21	Consumer Non-Durables	Small business|tax prep tools	positive	products	ok
2025-12-21	Finance	UK stocks|FTSE 100	positive	markets	ok
2025-12-22	Electronic Technology	Baidu	positive	markets	ok
2025-12-22	Consumer Non-Durables	Jim Beam	negative	macro	ok
2025-12-22	Consumer Non-Durables	Mercedes-Benz	negative	regulation	ok
2025-12-22	Transportation	Waymo|Tesla	neutral	markets	ok
2025-12-22	Consumer Durables	Tesla	positive	markets	ok
2025-12-22	Electronic Technology	Alphabet|Intersect	positive	products	ok
2025-12-22	Energy Minerals	Dominion	negative	macro	ok
2025-12-22	Consumer Durables	Lego|F1	positive	products	ok
2025-12-23	Finance	U.S. Federal Reserve|Hassett	negative	macro	ok
2025-12-23	Finance	Citadel	positive	markets	ok
2025-12-23	Consumer Durables	Tesla	positive	products	ok
2025-12-23	Transportation	Southwest Airlines	positive	markets	ok
2025-12-23	Retail Trade	Tanger	positive	markets	ok
2025-12-23	Energy Minerals	Gold|Silver	positive	markets	ok
2025-12-23	Finance	Barclays	positive	markets	ok
2025-12-23	Health Services	Novo Nordisk|Wegovy	positive	products	ok
2025-12-24	Energy Minerals	BP|Castrol	neutral	markets	ok
2025-12-24	Transportation	Waymo	neutral	other	ok
2025-12-24	Electronic Technology	Nvidia|data center stocks	positive	markets	ok
2025-12-24	Retail Trade	Amazon|AI shopping bots	neutral	products	ok
2025-12-24	Health Services	Sanofi|Dynavax Technologies	positive	M&A	ok
2025-12-25	Technology Services	Palantir	negative	markets	ok
2025-12-25	Producer Manufacturing	Hanwha's Philly Shipyard	neutral	other	ok
2025-12-25	Retail Trade	discount retailer	positive	markets	ok
2025-12-25	Electronic Technology	AI infrastructure firms|Big Tech	positive	markets	ok
2025-12-25	Consumer Durables	Foxtron|Yulon	neutral	products	ok
2025-12-25	Electronic Technology	Nvidia|Groq	positive	products	ok
2025-12-25	Finance	Berkshire Hathaway|Warren Buffett	negative	markets	ok
2025-12-25	Consumer Non-Durables	Tariffs|leather	negative	macro	ok
2025-12-25	Health Services	China's population policy	negative	macro	ok
2025-12-26	Electronic Technology	China|Hangzhou|Alibaba	positive	markets	ok
2025-12-26	Transportation	Airlines	negative	markets	ok
2025-12-26	Technology Services	Oracle|Clay Magouyrk|Mike Sicilia|Nvidia|OpenAI	negative	markets	ok
2025-12-26	Health Services	Johnson & Johnson	negative	markets	ok
2025-12-26	Electronic Technology	Nvidia|Groq	positive	markets	ok
2025-12-26	Energy Minerals	Virginia offshore wind developer|Dominion Energy	negative	regulation	ok
2025-12-26	Transportation	U.S. military|Islamic State	neutral	markets	ok
2025-12-27	Technology Services	UK|tech giants	positive	macro	ok
2025-12-27	Energy Minerals	CNBC New Energy Finance Forum|Abu Dhabi Finance Week|business leaders|investors	positive	products	ok
2025-12-27	Energy Minerals	Europe|fund managers	neutral	macro	ok
2025-12-28	Producer Manufacturing	SpaceX|investment trust	positive	markets	ok
2025-12-28	Consumer Non-Durables	investment opportunities|stocks	positive	markets	ok
2025-12-28	Consumer Services	restaurants|menu item|value	positive	products	ok
2025-12-28	Electronic Technology	video game industry|devices|deals	positive	markets	ok
2025-12-28	Distribution Services	Amazon|drone delivery|Italy	negative	regulation	ok
2025-12-28	Energy Minerals	Putin|Russia|Ukraine	negative	macro	ok
2025-12-28	Energy Minerals	Trump|Ukraine peace deal|Zelenskyy	neutral	macro	ok
2025-12-28	Transportation	airlines|flights|winter storm	neutral	macro	ok
2025-12-29	Electronic Technology	Chinese AI chatbots	negative	regulation	ok
2025-12-29	Electronic Technology	Nvidia|Groq|Intel	positive	M&A	ok
2025-12-29	Consumer Durables	Lululemon|Chip Wilson	neutral	other	ok
2025-12-29	Energy Minerals	Silver	negative	macro	ok
2025-12-29	Producer Manufacturing	General Motors|Tesla|Ford	positive	markets	ok
2025-12-29	Retail Trade	Coupang	negative	other	ok
2025-12-29	Technology Services	Softbank|DigitalBridge	positive	M&A	ok
2025-12-30	Electronic Technology	Meta|Manus	positive	M&A	ok
2025-12-30	Utilities	Octopus Energy|Kraken	positive	markets	ok
2025-12-30	Energy Minerals	copper	positive	markets	ok
2025-12-30	Energy Minerals	U.S. sanctions Iranian, Venezuelan groups	negative	regulation	ok
2025-12-30	Electronic Technology	SoftBank|OpenAI	positive	markets	ok
2025-12-30	Consumer Non-Durables	housing market	positive	macro	ok
2025-12-30	Finance	Federal Reserve	neutral	macro	ok
2025-12-30	Consumer Services	restaurants|Starbucks|Wendy's|Denny's	negative	markets	ok
2025-12-31	Transportation	Space and defense|satellite stocks	positive	markets	ok
2025-12-31	Electronic Technology	China|Nexperia	negative	regulation	ok
2025-12-31	Consumer Services	European markets|defense stocks	positive	markets	ok
2025-12-31	Finance	European banks	positive	markets	ok
2026-01-01	Electronic Technology	Sen. Bernie Sanders|Gov. Ron DeSantis	negative	regulation	ok
2026-01-01	Finance	Warren Buffett	neutral	other	ok
2026-01-01	Producer Manufacturing	Stellantis|Ram 1500 SRT TRX	positive	products	ok
2026-01-01	Health Services	Novo Nordisk|Eli Lilly	positive	products	ok
2026-01-01	Retail Trade	Saks Group|Saks Fifth Avenue	negative	markets	ok
2026-01-01	Electronic Technology	TSMC	neutral	markets	ok
2026-01-02	Consumer Non-Durables	BYD|Tesla	positive	markets	ok
2026-01-02	Finance	Citadel	positive	markets	ok
2026-01-02	Industrial Services	Douglas Dynamics	positive	products	ok
2026-01-02	Finance	Bitcoin|crypto theft	negative	other	ok
2026-01-02	Finance	Berkshire Hathaway|Warren Buffett|Greg Abel	neutral	appointments	ok
2026-01-02	Transportation	SpaceX	positive	markets	ok
2026-01-02	Electronic Technology	Chip stocks|artificial intelligence	positive	markets	ok
2026-01-02	Consumer Non-Durables	Tesla	positive	markets	ok
2026-01-03	Electronic Technology	Anthropic|Amodei|Daniela Amodei|Dario Amodei	positive	products	ok
2026-01-03	Energy Minerals	U.S. oil companies|Venezuela|Nicolas Maduro|Donald Trump	negative	macro	ok
2026-01-03	Transportation	U.S. airlines	negative	markets	ok
2026-01-03	Technology Services	Chinese-controlled firm|Emcore	negative	regulation	ok
2026-01-05	Transportation	U.S. military	neutral	other	ok
2026-01-05	Energy Minerals	Venezuela|Nicolas Maduro	neutral	macro	ok
2026-01-05	Electronic Technology	Meta|Yann Lecun	negative	regulation	ok
2026-01-05	Consumer Non-Durables	Comcast|NBCUniversal	neutral	markets	ok
2026-01-05	Electronic Technology	Nvidia|Foxconn	positive	markets	ok
2026-01-05	Electronic Technology	Starlink|SpaceX	positive	products	ok
2026-01-05	Energy Minerals	Chevron|Exxon|SLB	positive	markets	ok
2026-01-05	Consumer Non-Durables	GM|Stellantis|Lucid	positive	markets	ok
2026-01-06	Finance	Vista Equity Partners	neutral	other	ok
2026-01-06	Electronic Technology	Elon Musk|xAI|Nvidia|Cisco|Fidelity	positive	markets	ok
2026-01-06	Consumer Durables	Hyundai Motor Group	neutral	products	ok
2026-01-06	Finance	Morgan Stanley	positive	markets	ok
2026-01-06	Electronic Technology	Meta|Mark Zuckerberg	neutral	products	ok
2026-01-06	Electronic Technology	Memory chip giants|Micron|SK Hynix|Samsung	positive	markets	ok
2026-01-06	Technology Services	AMD|Lisa Su	positive	macro	ok
2026-01-06	Electronic Technology	Nvidia|Jensen Huang	positive	products	ok
2026-01-07	Consumer Non-Durables	India economy	positive	macro	ok
2026-01-07	Finance	Goldman Sachs|call options	positive	markets	ok
2026-01-07	Finance	Venezuela stock exchange|Teucrium Venezuela Exposure ETF	positive	markets	ok
2026-01-07	Finance	JPMorgan|proxy advisors	positive	regulation	ok
2026-01-07	Energy Minerals	U.S. government|Venezuela|Nicolas Maduro	positive	macro	ok
2026-01-07	Producer Manufacturing	Alaska Airlines|Boeing	positive	markets	ok
2026-01-07	Electronic Technology	Sandisk	positive	markets	ok
2026-01-07	Electronic Technology	Tesla|Nvidia	neutral	products	ok
2026-01-08	Energy Minerals	U.S. military|Venezuela|Nicolas Maduro	negative	macro	ok
2026-01-08	Energy Minerals	Trump|Greenland|Danish officials	neutral	macro	ok
2026-01-08	Transportation	Defense stocks|Trump	positive	markets	ok
2026-01-08	Electronic Technology	Google|Gemini AI|Gmail	positive	products	ok
2026-01-08	Electronic Technology	Meta|Manus	neutral	regulation	ok
2026-01-08	Consumer Durables	Ford|EV	positive	products	ok
2026-01-08	Electronic Technology	Intel|Trump	positive	markets	ok
2026-01-08	Producer Manufacturing	GM|EV|China	negative	markets	ok
2026-01-09	Retail Trade	Amazon	positive	products	ok
2026-01-09	Energy Minerals	China	neutral	macro	ok
2026-01-09	Energy Minerals	Venezuela	positive	macro	ok
2026-01-09	Producer Manufacturing	Rolls-Royce	positive	markets	ok
2026-01-09	Electronic Technology	Intel	positive	markets	ok
2026-01-09	Finance	Goldman Sachs	positive	markets	ok
2026-01-09	Finance	Fannie Mae|Freddie Mac	positive	macro	ok
2026-01-09	Utilities	Meta	positive	products	ok
2026-01-10	Energy Minerals	Venezuela|Trump	neutral	macro	ok
2026-01-10	Health Technology	Novo Nordisk|Eli Lilly	positive	products	ok
2026-01-10	Electronic Technology	Micron|SK Hynix|Samsung Electronics	positive	markets	ok
2026-01-11	Retail Trade	Walmart|Google's Gemini|OpenAI|ChatGPT	positive	products	ok
2026-01-11	Producer Manufacturing	Boeing	positive	markets	ok
2026-01-11	Producer Manufacturing	GM	positive	markets	ok
2026-01-12	Retail Trade	Jersey Mike's|Walmart|Aldi	positive	markets	ok
2026-01-12	Electronic Technology	Grok|Elon Musk|Malaysia|Indonesia	negative	regulation	ok
2026-01-12	Consumer Non-Durables	China|India|Japan	neutral	macro	ok
2026-01-12	Energy Minerals	Iran|U.S.|OPEC	negative	macro	ok
2026-01-12	Finance	Federal Reserve|Jerome Powell|Bernanke|Yellen|Greenspan	neutral	macro	ok
2026-01-12	Finance	JPMorgan|Citigroup|Palantir|Meta|Exxon	neutral	markets	ok
2026-01-12	Electronic Technology	Apple|Google|Gemini|Siri	positive	products	ok
2026-01-12	Consumer Non-Durables	Greenland|Denmark	neutral	other	partial
2026-01-13	Finance	Morgan Stanley|Earnings	positive	earnings	ok
2026-01-13	Commercial Services	Data Center REIT|Real estate	positive	markets	ok
2026-01-13	Producer Manufacturing	Boeing|Airbus	positive	markets	ok
2026-01-13	Finance	Fed|Powell	negative	regulation	ok
2026-01-13	Finance	S&P 500|JPMorgan|Wall Street	negative	markets	ok
2026-01-13	Energy Minerals	Oil|Trump	positive	macro	ok
2026-01-13	Finance	Warren Buffett|Berkshire	neutral	other	ok
2026-01-13	Consumer Non-Durables	Consumer Staples	neutral	macro	ok
2026-01-14	Energy Minerals	energy sector|XLE	positive	macro	ok
2026-01-14	Electronic Technology	Google|Apple	neutral	products	ok
2026-01-14	Electronic Technology	Tesla|Waymo	neutral	products	ok
2026-01-14	Non-Energy Minerals	Gold|silver	positive	markets	ok
2026-01-14	Finance	Bank of America|Wells Fargo	positive	earnings	ok
2026-01-14	Technology Services	Oracle	negative	markets	ok
2026-01-14	Producer Manufacturing	Stellantis	neutral	earnings	ok
2026-01-14	Electronic Technology	Meta|Reality Labs	negative	products	ok
2026-01-15	Consumer Durables	Spotify	neutral	products	ok
2026-01-15	Producer Manufacturing	3M	neutral	earnings	ok
2026-01-15	Transportation	Dow	positive	markets	ok
2026-01-15	Transportation	NATO|Greenland	neutral	macro	ok
2026-01-15	Finance	Goldman Sachs	neutral	markets	ok
2026-01-15	Health Services	Trump|Congress	neutral	macro	ok
2026-01-15	Retail Trade	Saks|Neiman Marcus|Amazon	negative	markets	ok
2026-01-15	Electronic Technology	TSMC|AMD|Nvidia|Applied Materials	positive	earnings	ok
2026-01-16	Energy Minerals	Venezuela oil|U.S. Energy	positive	markets	ok
2026-01-16	Consumer Non-Durables	Novo Nordisk|Eli Lilly	positive	products	ok
2026-01-16	Electronic Technology	OpenAI	neutral	products	ok
2026-01-16	Electronic Technology	Micron|AI	positive	products	ok
2026-01-16	Energy Minerals	Offshore Wind|Virginia Offshore Wind	positive	products	ok
2026-01-16	Finance	Kevin Hassett|Fed	neutral	appointments	ok
2026-01-16	Energy Minerals	Greenland|Trump	negative	macro	ok
2026-01-16	Finance	S&P 500|Semiconductor|bank stocks	positive	markets	ok
2026-01-17	Consumer Non-Durables	Disney	positive	markets	ok
2026-01-17	Finance	Brazilian stocks|Venezuela	neutral	macro	ok
2026-01-17	Electronic Technology	Elon Musk|xAI|EPA	negative	regulation	ok
2026-01-18	Finance	Trump administration|JPMorgan Chase|Supreme Court|Khanna|Berkshire|Greenland|South Korean noodle companies|Airwallex	neutral	markets	ok
2026-01-18	Health Services	health CEOs	positive	markets	ok
2026-01-19	Consumer Non-Durables	Valentino	neutral	other	ok
2026-01-19	Consumer Durables	auto makers|European	negative	markets	ok
2026-01-19	Consumer Durables	Stellantis|Jeep	negative	earnings	ok
2026-01-19	Energy Minerals	gold|silver	positive	markets	ok
2026-01-19	Electronic Technology	OpenAI|Sarah Friar	positive	products	ok
2026-01-19	Distribution Services	European countries|Greenland	negative	macro	ok
2026-01-19	Finance	Federal Reserve|Jerome Powell	neutral	macro	ok
2026-01-19	Electronic Technology	UBS|quantum computing	positive	markets	ok
2026-01-20	Finance	U.S. Treasury|AkademikerPension	negative	macro	ok
2026-01-20	Finance	U.S. dollar|Treasury	negative	macro	ok
2026-01-20	Finance	U.S. Treasurys|government bonds	negative	markets	ok
2026-01-20	Finance	U.S. Treasury|Treasury yields	negative	markets	ok
2026-01-20	Finance	U.S. Treasury|Treasury yields	negative	markets	ok
2026-01-20	Finance	U.S. Treasury|Treasury prices	negative	markets	ok
2026-01-20	Finance	U.S. Treasury|Treasury	negative	markets	ok
2026-01-21	Non-Energy Minerals	China|Reliance Industries	negative	macro	ok
2026-01-21	Electronic Technology	Broadcom	positive	markets	ok
2026-01-21	Energy Minerals	Gold	positive	markets	ok
2026-01-21	Consumer Non-Durables	Netflix	positive	products	ok
2026-01-21	Energy Minerals	Greenland|Denmark	neutral	macro	ok
2026-01-21	Technology Services	Intel|Nvidia	positive	products	ok
2026-01-21	Finance	Jamie Dimon|JPMorgan Chase	neutral	other	ok
2026-01-21	Communications	Meta	positive	products	ok
2026-01-22	Electronic Technology	Nvidia	positive	products	ok
2026-01-22	Electronic Technology	Intel	negative	earnings	ok
2026-01-22	Electronic Technology	Google DeepMind	neutral	products	ok
2026-01-22	Consumer Non-Durables	Procter & Gamble	neutral	earnings	ok
2026-01-22	Finance	Federal Reserve	neutral	macro	ok
2026-01-22	Commercial Services	Industrious	positive	products	ok
2026-01-22	Finance	JPMorgan Chase|Jamie Dimon	neutral	other	ok
2026-01-22	Consumer Durables	Tesla	positive	products	ok
2026-01-23	Finance	Wall Street	negative	macro	ok
2026-01-23	Finance	Sen. Warren|CFPB	negative	regulation	ok
2026-01-23	Energy Minerals	Greenland|U.S. Geological Survey	neutral	macro	ok
2026-01-23	Technology Services	Databricks	positive	products	ok
2026-01-23	Finance	Nasdaq|S&P 500|Dow	neutral	markets	ok
2026-01-23	Electronic Technology	Intel	negative	earnings	ok
2026-01-23	Energy Minerals	Iran	neutral	macro	ok
2026-01-23	Finance	Binance|Changpeng Zhao	neutral	other	ok
2026-01-24	Distribution Services	Trump|Canada|China	negative	macro	ok
2026-01-24	Electronic Technology	Meta|Reality Labs	negative	products	ok
2026-01-24	Electronic Technology	Nvidia|Persis Drell|Jensen Huang	neutral	markets	ok
2026-01-25	Technology Services	Apple|Caterpillar	positive	earnings	ok
2026-01-25	Consumer Durables	Auto executives|Automakers	neutral	macro	ok
2026-01-26	Electronic Technology	Booz Allen|Charles Edward Littlejohn|Amazon|Jeff Bezos|Tesla|Michael Burry|Zoom|Anthropic|Microsoft|Nvidia|Apple|Enphase|Allied Gold|CoreWeave|Synthesia|Costco|Meta|Microsoft|Apple	neutral	markets	ok
2026-01-27	Finance	Fed	neutral	macro	ok
2026-01-27	Consumer Non-Durables	Homebuyers	negative	macro	ok
2026-01-27	Utilities	U.S. government	neutral	macro	ok
2026-01-27	Health Services	Humana|UnitedHealth	negative	products	ok
2026-01-27	Consumer Non-Durables	Starbucks	positive	products	ok
2026-01-27	Electronic Technology	Redwire|Lockheed Martin|Blue Origin	positive	markets	ok
2026-01-27	Non-Energy Minerals	Silver|Gold	neutral	markets	ok
2026-01-27	Distribution Services	Congress	neutral	regulation	ok
2026-01-28	Non-Energy Minerals	Chip stocks|Nvidia|ASML|SK Hynix	positive	markets	ok
2026-01-28	Energy Minerals	Energy Department	neutral	macro	ok
2026-01-28	Electronic Technology	Meta	neutral	earnings	ok
2026-01-28	Electronic Technology	Microsoft|OpenAI	neutral	earnings	ok
2026-01-28	Finance	Treasury|Scott Bessent	neutral	macro	ok
2026-01-28	Consumer Services	S&P 500|tech companies	neutral	markets	ok
2026-01-28	Finance	Federal Reserve	neutral	macro	ok
2026-01-28	Consumer Non-Durables	Tesla|Elon Musk	positive	products	ok
2026-01-29	Technology Services	ServiceNow	negative	markets	ok
2026-01-29	Electronic Technology	Microsoft|Meta|Apple|Waymo|NHTSA|Tesla|Elon Musk|JPMorgan|Gold|JPMorgan|Nvidia|ASML|Toyota|Deutsche Bank|SK Hynix|Samsung|Carvana|Southwest Airlines|Google DeepMind|Canaccord Genuity|LightPath Technologies|UnitedHealthcare|xAI	negative	markets	ok
2026-01-30	Energy Minerals	Chevron|Exxon	positive	markets	ok
2026-01-30	Communications	China|Beijing	neutral	macro	ok
2026-01-30	Producer Manufacturing	Tesla|Elon Musk	positive	products	ok
2026-01-30	Finance	AmEx|American Express	positive	products	ok
2026-01-30	Electronic Technology	Apple|iPhone	positive	products	ok
2026-01-30	Electronic Technology	Apple|Apple Inc.	negative	markets	ok
2026-01-30	Finance	Kevin Warsh|Federal Reserve	positive	appointments	ok
2026-01-30	Energy Minerals	Silver|Gold	negative	markets	ok
2026-02-01	Finance	United Arab Emirates|WSJ|Elizabeth Warren|Senate Banking Committee	negative	regulation	ok
2026-02-01	Finance	Ro Khanna|DOJ	neutral	other	ok
2026-02-01	Finance	Trump|U.S. assets	neutral	macro	ok
2026-02-01	Electronic Technology	Bitcoin|Ethereum	negative	markets	ok
2026-02-02	Electronic Technology	Nvidia|OpenAI|Jensen Huang	negative	markets	ok
2026-02-02	Technology Services	OpenClaw|Clawdbot|Moltbot	positive	products	ok
2026-02-02	Technology Services	Oracle	positive	markets	ok
2026-02-02	Consumer Services	Starmer	neutral	macro	ok
2026-02-02	Consumer Non-Durables	India	positive	macro	ok
2026-02-02	Non-Energy Minerals	Chinese organized crime networks	negative	other	ok
2026-02-02	Industrial Services	China	positive	macro	ok
2026-02-02	Health Services	AstraZeneca	positive	markets	ok
2026-02-03	Health Services	Pfizer	positive	earnings	ok
2026-02-03	Electronic Technology	Apple	positive	products	ok
2026-02-03	Health Services	Merck	neutral	earnings	ok
2026-02-03	Electronic Technology	Nvidia|OpenAI	neutral	markets	ok
2026-02-03	Consumer Durables	Nintendo	positive	products	ok
2026-02-03	Retail Trade	Walmart	positive	macro	ok
2026-02-03	Technology Services	Palantir	positive	earnings	ok
2026-02-03	Consumer Non-Durables	PepsiCo	positive	earnings	ok
2026-02-04	Energy Minerals	Chevron|Syrian waters	neutral	other	ok
2026-02-04	Electronic Technology	Nvidia|AI startup|ElevenLabs	positive	markets	ok
2026-02-04	Electronic Technology	Alphabet|Google|Apple	positive	earnings	ok
2026-02-04	Health Services	Novo Nordisk|Eli Lilly	negative	earnings	ok
2026-02-04	Finance	Fed|Tillis|Warsh|Powell	neutral	regulation	ok
2026-02-04	Energy Minerals	Oil|U.S.-Iran nuclear talks	negative	macro	ok
2026-02-04	Electronic Technology	AMD|Lisa Su	positive	products	ok
2026-02-04	Electronic Technology	Software stocks|artificial intelligence	negative	markets	ok
2026-02-05	Energy Minerals	Bitcoin	negative	macro	ok
2026-02-05	Communications	UAE|Trump	neutral	regulation	ok
2026-02-05	Finance	Fed|Warsh	neutral	regulation	ok
2026-02-05	Finance	Dow|Nasdaq|Wall Street|S&P 500	negative	markets	ok
2026-02-05	Electronic Technology	Amazon|Qualcomm|Broadcom|Alphabet|Google|Meta	neutral	earnings	ok
2026-02-05	Consumer Non-Durables	Estée Lauder|Hims & Hers|Wegovy	negative	earnings	ok
2026-02-05	Consumer Durables	Peloton	negative	earnings	ok
2026-02-05	Energy Minerals	Shell	negative	earnings	ok
2026-02-06	Finance	Goldman Sachs|Anthropic	neutral	products	ok
2026-02-06	Consumer Durables	U.S. automakers|Chinese manufacturers	neutral	macro	ok
2026-02-06	Utilities	U.S. Congress|Trump|Supreme Court	neutral	regulation	partial
2026-02-06	Consumer Durables	Tesla	positive	markets	ok
2026-02-06	Energy Minerals	Bitcoin|cryptocurrency	negative	macro	ok
2026-02-06	Electronic Technology	Amazon|Microsoft|Oracle|Meta|Alphabet	negative	markets	ok
2026-02-06	Electronic Technology	Nvidia|Jensen Huang|Meta|Amazon|Google|Microsoft	positive	earnings	ok
2026-02-06	Producer Manufacturing	Stellantis	negative	earnings	ok
2026-02-07	Technology Services	accounting software	neutral	products	ok
2026-02-08	Finance	Keir Starmer|McSweeney|Peter Mandelson	negative	regulation	ok
2026-02-08	Consumer Non-Durables	Luckin Coffee|Starbucks	positive	products	ok
2026-02-09	Communications	Hong Kong media baron Jimmy Lai	negative	regulation	ok
2026-02-09	Communications	Meta	negative	regulation	ok
2026-02-09	Retail Trade	Kroger	positive	markets	ok
2026-02-09	Transportation	American Airlines|Delta Air Lines|United Airlines	neutral	markets	ok
2026-02-09	Electronic Technology	S&P 500|tech	positive	markets	ok
2026-02-09	Technology Services	Databricks	positive	markets	ok
2026-02-09	Health Services	Novo Nordisk|Hims & Hers	positive	regulation	ok
2026-02-09	Electronic Technology	Oracle	positive	markets	ok
2026-02-10	Energy Minerals	BP	negative	markets	ok
2026-02-10	Consumer Services	Spotify	positive	earnings	ok
2026-02-10	Consumer Non-Durables	Coca-Cola	negative	markets	ok
2026-02-10	Producer Manufacturing	Ford	neutral	earnings	ok
2026-02-10	Electronic Technology	Alphabet	positive	markets	ok
2026-02-10	Consumer Non-Durables	Estee Lauder|Walmart	negative	regulation	ok
2026-02-10	Finance	LPL	negative	markets	ok
2026-02-10	Industrial Services	Rockwell Automation	positive	earnings	ok
2026-02-11	Finance	U.S. government|Supreme Court	positive	macro	ok
2026-02-11	Communications	Meta|Bill Ackman	positive	markets	ok
2026-02-11	Finance	David Einhorn|Federal Reserve	positive	macro	ok
2026-02-11	Electronic Technology	software companies|Orlando Bravo	negative	markets	ok
2026-02-11	Consumer Non-Durables	McDonald's	positive	earnings	ok
2026-02-11	Non-Energy Minerals	Goldman|uranium|rare earths	positive	products	ok
2026-02-11	Technology Services	Cloudflare	positive	products	ok
2026-02-11	Consumer Non-Durables	Heineken	negative	products	ok
2026-02-12	Producer Manufacturing	SpaceX	positive	products	ok
2026-02-12	Electronic Technology	AI startups	positive	markets	ok
2026-02-12	Electronic Technology	Anthropic	positive	products	ok
2026-02-12	Consumer Non-Durables	agribusiness stocks	positive	markets	ok
2026-02-12	Commercial Services	CBRE|Jones Lang LaSalle	negative	markets	ok
2026-02-12	Energy Minerals	EPA|climate change	negative	regulation	ok
2026-02-12	Consumer Durables	realtors	negative	macro	ok
2026-02-12	Utilities	electricity prices	positive	macro	ok
2026-02-13	Retail Trade	Retail	negative	markets	ok
2026-02-13	Industrial Services	Industrial	negative	markets	ok
2026-02-13	Health Services	Health	positive	earnings	ok
2026-02-13	Transportation	Transportation	negative	markets	ok
2026-02-13	Consumer Durables	Consumer Durables	positive	products	ok
2026-02-13	Finance	Financial	negative	markets	ok
2026-02-13	Energy Minerals	Energy	neutral	macro	ok
2026-02-13	Electronic Technology	Technology	negative	markets	ok
2026-02-14	Finance	IRS	positive	macro	ok
2026-02-14	Consumer Durables	home sellers	negative	markets	ok
2026-02-14	Consumer Non-Durables	luxury brands|Chinese luxury market	positive	markets	ok
2026-02-14	Electronic Technology	xAI|Elon Musk	negative	other	ok
2026-02-15	Electronic Technology	Meta	neutral	products	ok
2026-02-15	Consumer Non-Durables	Warner Bros.|Paramount|Netflix	neutral	markets	ok
2026-02-15	Consumer Non-Durables	Gong Cha	positive	markets	ok
2026-02-15	Utilities	Germany|European Union	neutral	macro	ok
2026-02-16	Finance	Deutsche Bank|U.S. equities	negative	regulation	ok
2026-02-16	Finance	cryptocurrency|human trafficking	negative	other	ok
2026-02-16	Electronic Technology	China|U.S. AI monopoly	negative	macro	ok
2026-02-16	Electronic Technology	OpenAI|Altman	positive	appointments	ok
2026-02-16	Technology Services	software stocks|Citi	negative	markets	ok
2026-02-16	Distribution Services	Visa|International Olympic Committee	neutral	markets	ok
2026-02-16	Consumer Durables	Apple|YouTube|Spotify	positive	products	ok
2026-02-16	Electronic Technology	ByteDance|Hollywood	neutral	regulation	ok
2026-02-17	Retail Trade	Amazon	negative	markets	ok
2026-02-17	Consumer Non-Durables	Ford|Tesla	positive	products	ok
2026-02-17	Energy Minerals	Iran|U.S.	neutral	macro	ok
2026-02-17	Finance	S&P 500	neutral	markets	ok
2026-02-17	Electronic Technology	Anthropic|Render|Figma	positive	products	ok
2026-02-17	Technology Services	Palantir	neutral	markets	ok
2026-02-17	Non-Energy Minerals	Silver miners	negative	markets	ok
2026-02-17	Electronic Technology	Alibaba	positive	products	ok
2026-02-18	Health Technology	Moderna	neutral	products	ok
2026-02-18	Energy Minerals	Oil|Vance|Iran	negative	macro	ok
2026-02-18	Finance	Goldman Sachs|David Solomon	positive	markets	ok
2026-02-18	Consumer Durables	Cruise stock	positive	markets	ok
2026-02-18	Finance	New York Fed	negative	regulation	ok
2026-02-18	Communications	Meta|Mark Zuckerberg	neutral	products	ok
2026-02-18	Finance	Federal Reserve	neutral	macro	ok
2026-02-18	Electronic Technology	Anthropic|Pentagon|OpenAI|Google|xAI	neutral	products	ok
2026-02-19	Retail Trade	Amazon|Walmart	positive	markets	ok
2026-02-19	Energy Minerals	Trump|Iran	negative	macro	ok
2026-02-19	Retail Trade	Walmart	neutral	earnings	ok
2026-02-19	Electronic Technology	AI summit|OpenAI|Anthropic	neutral	products	ok
2026-02-19	Consumer Non-Durables	Nestle	positive	earnings	ok
2026-02-20	Transportation	South Korea's Kospi	positive	markets	ok
2026-02-20	Energy Minerals	oil	negative	macro	ok
2026-02-20	Electronic Technology	Google	neutral	other	ok
2026-02-20	Producer Manufacturing	Tesla	negative	markets	ok
2026-02-20	Retail Trade	Amazon|Etsy	positive	markets	ok
2026-02-20	Electronic Technology	software stocks|RingCentral|Five9	positive	earnings	ok
2026-02-20	Finance	U.S. Supreme Court|Trump|Brett Kavanaugh	negative	regulation	ok
2026-02-20	Retail Trade	Home Depot|Nike|Target	positive	markets	ok
2026-02-21	Energy Minerals	Trump|Trump Administration	negative	macro	ok
2026-02-22	Distribution Services	India|Washington	neutral	macro	ok
2026-02-23	Producer Manufacturing	Tesla	negative	regulation	ok
2026-02-23	Health Services	Gilead Sciences|Arcellx	positive	M&A	ok
2026-02-23	Electronic Technology	Google|Aalyria	positive	markets	ok
2026-02-23	Technology Services	Amazon	positive	products	ok
2026-02-23	Health Technology	Eli Lilly|Novo Nordisk	negative	products	ok
2026-02-23	Electronic Technology	Cybersecurity stocks|IBM	negative	markets	ok
2026-02-24	Communications	Microsoft|SpaceX|Starlink	positive	products	ok
2026-02-24	Electronic Technology	Meta|AMD|Nvidia	neutral	products	ok
2026-02-24	Electronic Technology	Cato Networks|Shlomo Kramer	positive	products	ok
2026-02-24	Finance	Stripe	positive	markets	ok
2026-02-24	Retail Trade	Home Depot	positive	earnings	ok
2026-02-24	Electronic Technology	Nvidia	neutral	earnings	ok
2026-02-24	Technology Services	Anthropic	positive	products	ok
2026-02-25	Technology Services	Thrive Capital|OpenAI	positive	markets	ok
2026-02-25	Electronic Technology	Axon	positive	products	ok
2026-02-25	Electronic Technology	Microsoft Japan	negative	regulation	ok
2026-02-25	Electronic Technology	Nvidia|Vera Rubin	positive	products	ok
2026-02-25	Consumer Durables	Samsung|Galaxy	neutral	products	ok
2026-02-25	Electronic Technology	Big Tech companies|Amazon|Google|Meta|Microsoft|xAI|Oracle|OpenAI	neutral	regulation	ok
2026-02-25	Technology Services	Nvidia|Oracle	positive	markets	ok
2026-02-26	Electronic Technology	C3 AI	negative	earnings	ok
2026-02-26	Producer Manufacturing	Rolls-Royce	positive	earnings	ok
2026-02-26	Consumer Services	Wyndham	neutral	markets	ok
2026-02-26	Utilities	Engie	positive	markets	ok
2026-02-26	Electronic Technology	Google	positive	products	ok
2026-02-26	Retail Trade	Block	positive	earnings	ok
2026-02-26	Electronic Technology	Nvidia	positive	earnings	ok
2026-02-26	Electronic Technology	CoreWeave|Meta|OpenAI	positive	earnings	ok
2026-02-27	Technology Services	OpenAI	neutral	products	ok
2026-02-27	Consumer Durables	Nintendo	positive	products	ok
2026-02-27	Producer Manufacturing	CoreWeave	negative	earnings	ok
2026-02-27	Technology Services	Yotta Data Services	positive	products	ok
2026-02-27	Electronic Technology	Nvidia|Apple|Google|Amazon|OpenAI|Meta	negative	markets	ok
2026-02-27	Finance	UBS	negative	macro	ok
2026-02-27	Consumer Non-Durables	WBD|Paramount|Netflix	negative	M&A	ok
2026-02-27	Producer Manufacturing	Dell	positive	earnings	ok
2026-02-28	Finance	FourLeaf Credit Union	positive	products	ok
2026-02-28	Energy Minerals	Iran|OPEC	negative	macro	ok
2026-02-28	Technology Services	Anthropic|Claude|OpenAI|ChatGPT	neutral	markets	ok
2026-03-01	Technology Services	UBS|Chinese companies	positive	products	ok
2026-03-01	Energy Minerals	Oil|U.S.|Iran|Iranian	negative	macro	ok
2026-03-01	Energy Minerals	Iran|Khamenei|Ayatollah Ruhollah Khomeini|Tehran|Russia|China|U.S.|Israel|Donald Trump	negative	macro	ok
2026-03-02	Electronic Technology	Apple	positive	products	ok
2026-03-02	Electronic Technology	Nvidia|Coherent|Lumentum	positive	markets	ok
2026-03-02	Electronic Technology	Starlink|SpaceX|Deutsche Telekom	neutral	products	ok
2026-03-02	Finance	Berkshire Hathaway	negative	earnings	ok
2026-03-02	Energy Minerals	Oil|WTI crude oil|Brent Crude	positive	markets	ok
2026-03-02	Energy Minerals	Energy	positive	macro	ok
2026-03-02	Energy Minerals	QatarEnergy	negative	macro	ok
2026-03-02	Finance	Citadel	positive	markets	ok
